team,pts,game_possessions,game_code,home_team_bin,efg_pct,tov_pct,orb_pct,fta_per_fga_pct,Model_Prediction,Best_Spread,Best_Moneyline,Best_Total,Spread_Grade,Total_Grade,Moneyline_Grade,Best_Book,date
DAL,107,100.7216848,201810260TOR,0,0.478,0.12,0.208,0.261,222,-12,-100,223.5,WIN,PUSH,LOSS,BetOnline,10/26/2018
TOR,116,100.7216848,201810260TOR,1,0.544,0.107,0.261,0.22,222,-12,-100,223.5,WIN,PUSH,LOSS,BetOnline,10/26/2018
BOS,101,97.78027673,201810190TOR,0,0.475,0.119,0.302,0.101,222,-12,-100,223.5,WIN,PUSH,LOSS,BetOnline,10/19/2018
TOR,113,97.78027673,201810190TOR,1,0.538,0.107,0.267,0.207,222,-12,-100,223.5,WIN,PUSH,LOSS,BetOnline,10/19/2018
CLE,104,100.3261462,201810170TOR,0,0.441,0.135,0.286,0.459,222,-12,-100,223.5,WIN,PUSH,LOSS,BetOnline,10/17/2018
TOR,116,100.3261462,201810170TOR,1,0.565,0.082,0.186,0.217,222,-12,-100,223.5,WIN,PUSH,LOSS,BetOnline,10/17/2018
CHO,106,100.1808494,201810220TOR,0,0.469,0.103,0.255,0.186,222,-12,-100,223.5,WIN,PUSH,LOSS,BetOnline,10/22/2018
TOR,127,100.1808494,201810220TOR,1,0.661,0.122,0.156,0.161,222,-12,-100,223.5,WIN,PUSH,LOSS,BetOnline,10/22/2018
MIN,105,97.32855311,201810240TOR,0,0.495,0.127,0.327,0.167,222,-12,-100,223.5,WIN,PUSH,LOSS,BetOnline,10/24/2018
TOR,112,97.32855311,201810240TOR,1,0.579,0.145,0.282,0.135,222,-12,-100,223.5,WIN,PUSH,LOSS,BetOnline,10/24/2018
DET,106,105.1419318,201811140TOR,0,0.538,0.149,0.159,0.143,222,-12,-100,223.5,WIN,PUSH,LOSS,BetOnline,11/14/2018
TOR,104,105.1419318,201811140TOR,1,0.511,0.167,0.273,0.185,222,-12,-100,223.5,WIN,PUSH,LOSS,BetOnline,11/14/2018
NOP,126,101.2286407,201811120TOR,0,0.596,0.11,0.318,0.131,222,-12,-100,223.5,WIN,PUSH,LOSS,BetOnline,11/12/2018
TOR,110,101.2286407,201811120TOR,1,0.469,0.086,0.245,0.227,222,-12,-100,223.5,WIN,PUSH,LOSS,BetOnline,11/12/2018
NYK,112,99.97341395,201811100TOR,0,0.49,0.117,0.32,0.229,222,-12,-100,223.5,WIN,PUSH,LOSS,BetOnline,11/10/2018
TOR,128,99.97341395,201811100TOR,1,0.62,0.134,0.279,0.506,222,-12,-100,223.5,WIN,PUSH,LOSS,BetOnline,11/10/2018
PHI,112,107.0925641,201810300TOR,0,0.495,0.181,0.333,0.33,222,-12,-100,223.5,WIN,PUSH,LOSS,BetOnline,10/30/2018
TOR,129,107.0925641,201810300TOR,1,0.571,0.126,0.231,0.304,222,-12,-100,223.5,WIN,PUSH,LOSS,BetOnline,10/30/2018
WAS,107,101.1862585,201811230TOR,0,0.445,0.1,0.275,0.19,222,-12,-100,223.5,WIN,PUSH,LOSS,BetOnline,11/23/2018
TOR,125,101.1862585,201811230TOR,1,0.586,0.129,0.302,0.204,222,-12,-100,223.5,WIN,PUSH,LOSS,BetOnline,11/23/2018
LAC,103,103.2349433,201902030TOR,0,0.438,0.113,0.149,0.326,222,-12,-100,223.5,WIN,PUSH,LOSS,BetOnline,2/3/2019
TOR,121,103.2349433,201902030TOR,1,0.505,0.115,0.356,0.33,222,-12,-100,223.5,WIN,PUSH,LOSS,BetOnline,2/3/2019
CLE,110,94.05428571,201812210TOR,0,0.53,0.104,0.262,0.366,222,-12,-100,223.5,WIN,PUSH,LOSS,BetOnline,12/21/2018
TOR,126,94.05428571,201812210TOR,1,0.577,0.072,0.31,0.286,222,-12,-100,223.5,WIN,PUSH,LOSS,BetOnline,12/21/2018
SAS,117,100.8951078,201902220TOR,0,0.551,0.124,0.214,0.247,222,-12,-100,223.5,WIN,PUSH,LOSS,BetOnline,2/22/2019
TOR,120,100.8951078,201902220TOR,1,0.5,0.077,0.264,0.34,222,-12,-100,223.5,WIN,PUSH,LOSS,BetOnline,2/22/2019
NYK,92,103.6265215,201903180TOR,0,0.376,0.116,0.135,0.376,222,-12,-100,223.5,WIN,PUSH,LOSS,BetOnline,3/18/2019
TOR,128,103.6265215,201903180TOR,1,0.653,0.125,0.147,0.25,222,-12,-100,223.5,WIN,PUSH,LOSS,BetOnline,3/18/2019
POR,117,100.3905824,201903010TOR,0,0.576,0.144,0.231,0.271,222,-12,-100,223.5,WIN,PUSH,LOSS,BetOnline,3/1/2019
TOR,119,100.3905824,201903010TOR,1,0.617,0.134,0.057,0.259,222,-12,-100,223.5,WIN,PUSH,LOSS,BetOnline,3/1/2019
BRK,105,108.6499138,201901110TOR,0,0.483,0.144,0.176,0.341,222,-12,-100,223.5,WIN,PUSH,LOSS,BetOnline,1/11/2019
TOR,122,108.6499138,201901110TOR,1,0.51,0.072,0.224,0.229,222,-12,-100,223.5,WIN,PUSH,LOSS,BetOnline,1/11/2019
IND,96,97.12099235,201812190TOR,0,0.531,0.187,0.22,0.2,222,-12,-100,223.5,WIN,PUSH,LOSS,BetOnline,12/19/2018
TOR,99,97.12099235,201812190TOR,1,0.446,0.081,0.216,0.226,222,-12,-100,223.5,WIN,PUSH,LOSS,BetOnline,12/19/2018
GSW,128,104.5707417,201811290TOR,0,0.539,0.111,0.362,0.194,222,-12,-100,223.5,WIN,PUSH,LOSS,BetOnline,11/29/2018
TOR,131,104.5707417,201811290TOR,1,0.606,0.122,0.194,0.267,222,-12,-100,223.5,WIN,PUSH,LOSS,BetOnline,11/29/2018
PHI,102,101.76406,201812050TOR,0,0.517,0.182,0.234,0.159,222,-12,-100,223.5,WIN,PUSH,LOSS,BetOnline,12/5/2018
TOR,113,101.76406,201812050TOR,1,0.47,0.091,0.309,0.22,222,-12,-100,223.5,WIN,PUSH,LOSS,BetOnline,12/5/2018
PHO,109,98.463875,201901170TOR,0,0.482,0.138,0.333,0.429,222,-12,-100,223.5,WIN,PUSH,LOSS,BetOnline,1/17/2019
TOR,111,98.463875,201901170TOR,1,0.541,0.126,0.225,0.291,222,-12,-100,223.5,WIN,PUSH,LOSS,BetOnline,1/17/2019
WAS,120,110.845,201902130TOR,0,0.524,0.151,0.085,0.464,222,-12,-100,223.5,WIN,PUSH,LOSS,BetOnline,2/13/2019
TOR,129,110.845,201902130TOR,1,0.565,0.117,0.188,0.326,222,-12,-100,223.5,WIN,PUSH,LOSS,BetOnline,2/13/2019
OKC,116,96.35715286,201903220TOR,0,0.553,0.107,0.255,0.149,222,-12,-100,223.5,WIN,PUSH,LOSS,BetOnline,3/22/2019
TOR,109,96.35715286,201903220TOR,1,0.583,0.194,0.289,0.269,222,-12,-100,223.5,WIN,PUSH,LOSS,BetOnline,3/22/2019
BOS,95,98.80168794,201902260TOR,0,0.419,0.125,0.213,0.326,222,-12,-100,223.5,WIN,PUSH,LOSS,BetOnline,2/26/2019
TOR,118,98.80168794,201902260TOR,1,0.58,0.074,0.178,0.149,222,-12,-100,223.5,WIN,PUSH,LOSS,BetOnline,2/26/2019
ORL,109,99.42420732,201904010TOR,0,0.527,0.115,0.25,0.161,222,-12,-100,223.5,WIN,PUSH,LOSS,BetOnline,4/1/2019
TOR,121,99.42420732,201904010TOR,1,0.613,0.13,0.146,0.262,222,-12,-100,223.5,WIN,PUSH,LOSS,BetOnline,4/1/2019
CHI,89,93.14046296,201812300TOR,0,0.456,0.154,0.167,0.225,222,-12,-100,223.5,WIN,PUSH,LOSS,BetOnline,12/30/2018
TOR,95,93.14046296,201812300TOR,1,0.418,0.098,0.315,0.217,222,-12,-100,223.5,WIN,PUSH,LOSS,BetOnline,12/30/2018
BRK,125,104.6670565,201902110TOR,0,0.636,0.127,0.125,0.205,222,-12,-100,223.5,WIN,PUSH,LOSS,BetOnline,2/11/2019
TOR,127,104.6670565,201902110TOR,1,0.592,0.114,0.161,0.217,222,-12,-100,223.5,WIN,PUSH,LOSS,BetOnline,2/11/2019
UTA,116,99.26030983,201901010TOR,0,0.479,0.035,0.231,0.299,222,-12,-100,223.5,WIN,PUSH,LOSS,BetOnline,1/1/2019
TOR,122,99.26030983,201901010TOR,1,0.591,0.085,0.139,0.427,222,-12,-100,223.5,WIN,PUSH,LOSS,BetOnline,1/1/2019
ORL,113,100.0477717,201902240TOR,0,0.538,0.107,0.25,0.22,222,-12,-100,223.5,WIN,PUSH,LOSS,BetOnline,2/24/2019
TOR,98,100.0477717,201902240TOR,1,0.478,0.118,0.13,0.154,222,-12,-100,223.5,WIN,PUSH,LOSS,BetOnline,2/24/2019
HOU,107,90.239975,201903050TOR,0,0.535,0.088,0.225,0.212,222,-12,-100,223.5,WIN,PUSH,LOSS,BetOnline,3/5/2019
TOR,95,90.239975,201903050TOR,1,0.466,0.119,0.32,0.18,222,-12,-100,223.5,WIN,PUSH,LOSS,BetOnline,3/5/2019
ATL,101,103.7838043,201901080TOR,0,0.517,0.217,0.283,0.184,222,-12,-100,223.5,WIN,PUSH,LOSS,BetOnline,1/8/2019
TOR,104,103.7838043,201901080TOR,1,0.525,0.164,0.14,0.338,222,-12,-100,223.5,WIN,PUSH,LOSS,BetOnline,1/8/2019
IND,105,99.737,201901060TOR,0,0.479,0.12,0.267,0.213,222,-12,-100,223.5,WIN,PUSH,LOSS,BetOnline,1/6/2019
TOR,121,99.737,201901060TOR,1,0.618,0.14,0.2,0.2,222,-12,-100,223.5,WIN,PUSH,LOSS,BetOnline,1/6/2019
CHO,115,90.69875776,201903240TOR,0,0.538,0.065,0.304,0.183,222,-12,-100,223.5,WIN,PUSH,LOSS,BetOnline,3/24/2019
TOR,114,90.69875776,201903240TOR,1,0.656,0.136,0.107,0.169,222,-12,-100,223.5,WIN,PUSH,LOSS,BetOnline,3/24/2019
CHI,103,104.5226591,201903260TOR,0,0.5,0.16,0.159,0.233,222,-12,-100,223.5,WIN,PUSH,LOSS,BetOnline,3/26/2019
TOR,112,104.5226591,201903260TOR,1,0.558,0.139,0.05,0.186,222,-12,-100,223.5,WIN,PUSH,LOSS,BetOnline,3/26/2019
MIL,105,100.3582869,201901310TOR,0,0.582,0.172,0.184,0.215,222,-12,-100,223.5,WIN,PUSH,LOSS,BetOnline,1/31/2019
TOR,92,100.3582869,201901310TOR,1,0.435,0.139,0.157,0.14,222,-12,-100,223.5,WIN,PUSH,LOSS,BetOnline,1/31/2019
DEN,106,101.3819512,201812030TOR,0,0.511,0.167,0.306,0.27,222,-12,-100,223.5,WIN,PUSH,LOSS,BetOnline,12/3/2018
TOR,103,101.3819512,201812030TOR,1,0.523,0.156,0.171,0.138,222,-12,-100,223.5,WIN,PUSH,LOSS,BetOnline,12/3/2018
SAC,105,104.0444545,201901220TOR,0,0.489,0.122,0.227,0.242,222,-12,-100,223.5,WIN,PUSH,LOSS,BetOnline,1/22/2019
TOR,120,104.0444545,201901220TOR,1,0.527,0.131,0.267,0.385,222,-12,-100,223.5,WIN,PUSH,LOSS,BetOnline,1/22/2019
MIA,115,95.96381368,201811250TOR,0,0.489,0.06,0.321,0.337,222,-12,-100,223.5,WIN,PUSH,LOSS,BetOnline,11/25/2018
TOR,125,95.96381368,201811250TOR,1,0.583,0.082,0.275,0.278,222,-12,-100,223.5,WIN,PUSH,LOSS,BetOnline,11/25/2018
MIL,104,94.30248392,201812090TOR,0,0.5,0.103,0.209,0.23,222,-12,-100,223.5,WIN,PUSH,LOSS,BetOnline,12/9/2018
TOR,99,94.30248392,201812090TOR,1,0.495,0.102,0.234,0.074,222,-12,-100,223.5,WIN,PUSH,LOSS,BetOnline,12/9/2018
LAL,98,106.5298805,201903140TOR,0,0.488,0.173,0.133,0.282,222,-12,-100,223.5,WIN,PUSH,LOSS,BetOnline,3/14/2019
TOR,111,106.5298805,201903140TOR,1,0.484,0.141,0.245,0.319,222,-12,-100,223.5,WIN,PUSH,LOSS,BetOnline,3/14/2019
MEM,90,96.96774359,201901190TOR,0,0.488,0.217,0.256,0.188,222,-12,-100,223.5,WIN,PUSH,LOSS,BetOnline,1/19/2019
TOR,119,96.96774359,201901190TOR,1,0.583,0.093,0.2,0.178,222,-12,-100,223.5,WIN,PUSH,LOSS,BetOnline,1/19/2019
NYK,100,100.2014835,201812060BOS,0,0.462,0.138,0.264,0.22,222,-12,-100,223.5,WIN,PUSH,LOSS,BetOnline,12/6/2018
BOS,128,100.2014835,201812060BOS,1,0.603,0.082,0.175,0.217,222,-12,-100,223.5,WIN,PUSH,LOSS,BetOnline,12/6/2018
PHI,114,111.3990147,201812250BOS,0,0.495,0.154,0.176,0.315,222,-12,-100,223.5,WIN,PUSH,LOSS,BetOnline,12/25/2018
BOS,121,111.3990147,201812250BOS,1,0.481,0.072,0.217,0.185,222,-12,-100,223.5,WIN,PUSH,LOSS,BetOnline,12/25/2018
IND,108,101.2716176,201901090BOS,0,0.478,0.094,0.235,0.363,222,-12,-100,223.5,WIN,PUSH,LOSS,BetOnline,1/9/2019
BOS,135,101.2716176,201901090BOS,1,0.648,0.117,0.25,0.273,222,-12,-100,223.5,WIN,PUSH,LOSS,BetOnline,1/9/2019
DAL,93,96.86612308,201901040BOS,0,0.449,0.127,0.22,0.216,222,-12,-100,223.5,WIN,PUSH,LOSS,BetOnline,1/4/2019
BOS,114,96.86612308,201901040BOS,1,0.547,0.106,0.269,0.115,222,-12,-100,223.5,WIN,PUSH,LOSS,BetOnline,1/4/2019
MIL,112,120.3061609,201905190TOR,0,0.441,0.146,0.217,0.324,222,-12,-100,223.5,WIN,PUSH,LOSS,BetOnline,5/19/2019
TOR,118,120.3061609,201905190TOR,1,0.475,0.13,0.138,0.255,222,-12,-100,223.5,WIN,PUSH,LOSS,BetOnline,5/19/2019
ORL,82,93.67490385,201904160TOR,0,0.426,0.157,0.25,0.296,222,-12,-100,223.5,WIN,PUSH,LOSS,BetOnline,4/16/2019
TOR,111,93.67490385,201904160TOR,1,0.546,0.069,0.154,0.195,222,-12,-100,223.5,WIN,PUSH,LOSS,BetOnline,4/16/2019
ORL,96,98.82346154,201904230TOR,0,0.44,0.142,0.231,0.373,222,-12,-100,223.5,WIN,PUSH,LOSS,BetOnline,4/23/2019
TOR,115,98.82346154,201904230TOR,1,0.571,0.129,0.182,0.247,222,-12,-100,223.5,WIN,PUSH,LOSS,BetOnline,4/23/2019
GSW,109,93.57168129,201905300TOR,0,0.513,0.149,0.237,0.397,222,-12,-100,223.5,WIN,PUSH,LOSS,BetOnline,5/30/2019
TOR,118,93.57168129,201905300TOR,1,0.591,0.099,0.194,0.416,222,-12,-100,223.5,WIN,PUSH,LOSS,BetOnline,5/30/2019
ORL,93,96.3918,201810220BOS,0,0.462,0.085,0.16,0.108,222,-12,-100,223.5,WIN,PUSH,LOSS,BetOnline,10/22/2018
BOS,90,96.3918,201810220BOS,1,0.456,0.112,0.18,0.099,222,-12,-100,223.5,WIN,PUSH,LOSS,BetOnline,10/22/2018
NOP,100,98.18610589,201812100BOS,0,0.494,0.12,0.14,0.218,222,-12,-100,223.5,WIN,PUSH,LOSS,BetOnline,12/10/2018
BOS,113,98.18610589,201812100BOS,1,0.556,0.117,0.298,0.211,222,-12,-100,223.5,WIN,PUSH,LOSS,BetOnline,12/10/2018
CHO,103,96.86141026,201812230BOS,0,0.477,0.083,0.2,0.295,222,-12,-100,223.5,WIN,PUSH,LOSS,BetOnline,12/23/2018
BOS,119,96.86141026,201812230BOS,1,0.576,0.126,0.282,0.291,222,-12,-100,223.5,WIN,PUSH,LOSS,BetOnline,12/23/2018
PHI,95,96.50643791,201904270TOR,0,0.455,0.125,0.255,0.236,222,-12,-100,223.5,WIN,PUSH,LOSS,BetOnline,4/27/2019
TOR,108,96.50643791,201904270TOR,1,0.576,0.1,0.056,0.304,222,-12,-100,223.5,WIN,PUSH,LOSS,BetOnline,4/27/2019
MIL,94,85.64575758,201905250TOR,0,0.48,0.11,0.273,0.413,222,-12,-100,223.5,WIN,PUSH,LOSS,BetOnline,5/25/2019
TOR,100,85.64575758,201905250TOR,1,0.568,0.107,0.167,0.297,222,-12,-100,223.5,WIN,PUSH,LOSS,BetOnline,5/25/2019
TOR,116,107.4243318,201811160BOS,0,0.474,0.106,0.229,0.299,222,-12,-100,223.5,WIN,PUSH,LOSS,BetOnline,11/16/2018
BOS,123,107.4243318,201811160BOS,1,0.579,0.153,0.22,0.27,222,-12,-100,223.5,WIN,PUSH,LOSS,BetOnline,11/16/2018
BRK,95,102.524417,201901070BOS,0,0.475,0.206,0.196,0.278,222,-12,-100,223.5,WIN,PUSH,LOSS,BetOnline,1/7/2019
BOS,116,102.524417,201901070BOS,1,0.57,0.117,0.136,0.129,222,-12,-100,223.5,WIN,PUSH,LOSS,BetOnline,1/7/2019
PHO,111,96.44599026,201812190BOS,0,0.484,0.139,0.429,0.229,222,-12,-100,223.5,WIN,PUSH,LOSS,BetOnline,12/19/2018
BOS,103,96.44599026,201812190BOS,1,0.535,0.149,0.205,0.165,222,-12,-100,223.5,WIN,PUSH,LOSS,BetOnline,12/19/2018
PHI,94,94.27825472,201904290TOR,0,0.461,0.179,0.25,0.342,222,-12,-100,223.5,WIN,PUSH,LOSS,BetOnline,4/29/2019
TOR,89,94.27825472,201904290TOR,1,0.418,0.084,0.17,0.165,222,-12,-100,223.5,WIN,PUSH,LOSS,BetOnline,4/29/2019
MIL,102,95.94906126,201905210TOR,0,0.531,0.116,0.171,0.325,222,-12,-100,223.5,WIN,PUSH,LOSS,BetOnline,5/21/2019
TOR,120,95.94906126,201905210TOR,1,0.552,0.1,0.233,0.31,222,-12,-100,223.5,WIN,PUSH,LOSS,BetOnline,5/21/2019
ATL,108,106.5279268,201812140BOS,0,0.512,0.193,0.32,0.372,222,-12,-100,223.5,WIN,PUSH,LOSS,BetOnline,12/14/2018
BOS,129,106.5279268,201812140BOS,1,0.584,0.168,0.317,0.211,222,-12,-100,223.5,WIN,PUSH,LOSS,BetOnline,12/14/2018
MIL,120,99.67258441,201812210BOS,0,0.613,0.178,0.289,0.35,222,-12,-100,223.5,WIN,PUSH,LOSS,BetOnline,12/21/2018
BOS,107,99.67258441,201812210BOS,1,0.44,0.045,0.17,0.396,222,-12,-100,223.5,WIN,PUSH,LOSS,BetOnline,12/21/2018
CHI,82,101.0001,201811140BOS,0,0.435,0.2,0.14,0.107,222,-12,-100,223.5,WIN,PUSH,LOSS,BetOnline,11/14/2018
BOS,111,101.0001,201811140BOS,1,0.55,0.119,0.167,0.156,222,-12,-100,223.5,WIN,PUSH,LOSS,BetOnline,11/14/2018
PHI,89,99.05088575,201905070TOR,0,0.456,0.178,0.122,0.253,222,-12,-100,223.5,WIN,PUSH,LOSS,BetOnline,5/7/2019
TOR,125,99.05088575,201905070TOR,1,0.585,0.094,0.158,0.402,222,-12,-100,223.5,WIN,PUSH,LOSS,BetOnline,5/7/2019
PHI,87,104.265695,201810160BOS,0,0.42,0.141,0.122,0.264,222,-12,-100,223.5,WIN,PUSH,LOSS,BetOnline,10/16/2018
BOS,105,104.265695,201810160BOS,1,0.49,0.119,0.226,0.144,222,-12,-100,223.5,WIN,PUSH,LOSS,BetOnline,10/16/2018
GSW,109,99.98517647,201906020TOR,0,0.543,0.14,0.15,0.28,222,-12,-100,223.5,WIN,PUSH,LOSS,BetOnline,6/2/2019
TOR,104,99.98517647,201906020TOR,1,0.431,0.125,0.294,0.277,222,-12,-100,223.5,WIN,PUSH,LOSS,BetOnline,6/2/2019
CLE,95,93.97824301,201811300BOS,0,0.435,0.123,0.205,0.455,222,-12,-100,223.5,WIN,PUSH,LOSS,BetOnline,11/30/2018
BOS,128,93.97824301,201811300BOS,1,0.625,0.092,0.308,0.174,222,-12,-100,223.5,WIN,PUSH,LOSS,BetOnline,11/30/2018
MIA,109,104.627559,201904070TOR,0,0.475,0.092,0.218,0.19,222,-12,-100,223.5,WIN,PUSH,LOSS,BetOnline,4/7/2019
TOR,117,104.627559,201904070TOR,1,0.54,0.1,0.085,0.31,222,-12,-100,223.5,WIN,PUSH,LOSS,BetOnline,4/7/2019
MIL,113,100.7655238,201811010BOS,0,0.535,0.125,0.19,0.353,222,-12,-100,223.5,WIN,PUSH,LOSS,BetOnline,11/1/2018
BOS,117,100.7655238,201811010BOS,1,0.576,0.109,0.178,0.141,222,-12,-100,223.5,WIN,PUSH,LOSS,BetOnline,11/1/2018
NYK,117,101.7669318,201811210BOS,0,0.579,0.15,0.205,0.191,222,-12,-100,223.5,WIN,PUSH,LOSS,BetOnline,11/21/2018
BOS,109,101.7669318,201811210BOS,1,0.443,0.067,0.273,0.33,222,-12,-100,223.5,WIN,PUSH,LOSS,BetOnline,11/21/2018
MIN,102,95.52852087,201901020BOS,0,0.518,0.131,0.211,0.25,222,-12,-100,223.5,WIN,PUSH,LOSS,BetOnline,1/2/2019
BOS,115,95.52852087,201901020BOS,1,0.671,0.162,0.103,0.197,222,-12,-100,223.5,WIN,PUSH,LOSS,BetOnline,1/2/2019
TOR,108,94.80095238,201901160BOS,0,0.484,0.09,0.286,0.228,222,-12,-100,223.5,WIN,PUSH,LOSS,BetOnline,1/16/2019
BOS,117,94.80095238,201901160BOS,1,0.576,0.125,0.333,0.141,222,-12,-100,223.5,WIN,PUSH,LOSS,BetOnline,1/16/2019
ORL,104,97.90226345,201904130TOR,0,0.478,0.1,0.204,0.222,222,-12,-100,223.5,WIN,PUSH,LOSS,BetOnline,4/13/2019
TOR,101,97.90226345,201904130TOR,1,0.523,0.113,0.136,0.159,222,-12,-100,223.5,WIN,PUSH,LOSS,BetOnline,4/13/2019
DET,105,102.8947959,201810300BOS,0,0.466,0.145,0.224,0.307,222,-12,-100,223.5,WIN,PUSH,LOSS,BetOnline,10/30/2018
BOS,108,102.8947959,201810300BOS,1,0.494,0.125,0.17,0.381,222,-12,-100,223.5,WIN,PUSH,LOSS,BetOnline,10/30/2018
UTA,98,94.87731707,201811170BOS,0,0.519,0.135,0.171,0.346,222,-12,-100,223.5,WIN,PUSH,LOSS,BetOnline,11/17/2018
BOS,86,94.87731707,201811170BOS,1,0.412,0.123,0.304,0.22,222,-12,-100,223.5,WIN,PUSH,LOSS,BetOnline,11/17/2018
PHI,90,87.64154858,201905120TOR,0,0.5,0.161,0.132,0.462,222,-12,-100,223.5,WIN,PUSH,LOSS,BetOnline,5/12/2019
TOR,92,87.64154858,201905120TOR,1,0.421,0.093,0.308,0.213,222,-12,-100,223.5,WIN,PUSH,LOSS,BetOnline,5/12/2019
GSW,106,94.34746212,201906100TOR,0,0.585,0.145,0.167,0.171,222,-12,-100,223.5,WIN,PUSH,LOSS,BetOnline,6/10/2019
TOR,105,94.34746212,201906100TOR,1,0.494,0.118,0.295,0.318,222,-12,-100,223.5,WIN,PUSH,LOSS,BetOnline,6/10/2019
MEM,116,99.9675,201901180BOS,0,0.533,0.082,0.176,0.217,222,-12,-100,223.5,WIN,PUSH,LOSS,BetOnline,1/18/2019
BOS,122,99.9675,201901180BOS,1,0.61,0.151,0.25,0.256,222,-12,-100,223.5,WIN,PUSH,LOSS,BetOnline,1/18/2019
CLE,103,98.87986842,201901230BOS,0,0.511,0.173,0.306,0.23,222,-12,-100,223.5,WIN,PUSH,LOSS,BetOnline,1/23/2019
BOS,123,98.87986842,201901230BOS,1,0.593,0.127,0.237,0.267,222,-12,-100,223.5,WIN,PUSH,LOSS,BetOnline,1/23/2019
MIA,99,98.8294152,201901210BOS,0,0.483,0.168,0.263,0.209,222,-12,-100,223.5,WIN,PUSH,LOSS,BetOnline,1/21/2019
BOS,107,98.8294152,201901210BOS,1,0.563,0.172,0.222,0.115,222,-12,-100,223.5,WIN,PUSH,LOSS,BetOnline,1/21/2019
NOP,120,107.538,201811210PHI,0,0.485,0.118,0.357,0.337,222,-12,-100,223.5,WIN,PUSH,LOSS,BetOnline,11/21/2018
PHI,121,107.538,201811210PHI,1,0.5,0.128,0.244,0.265,222,-12,-100,223.5,WIN,PUSH,LOSS,BetOnline,11/21/2018
LAC,113,106.7313137,201811010PHI,0,0.494,0.152,0.195,0.384,222,-12,-100,223.5,WIN,PUSH,LOSS,BetOnline,11/1/2018
PHI,122,106.7313137,201811010PHI,1,0.543,0.117,0.227,0.301,222,-12,-100,223.5,WIN,PUSH,LOSS,BetOnline,11/1/2018
LAL,129,99.33,201902070BOS,0,0.629,0.071,0.213,0.186,222,-12,-100,223.5,WIN,PUSH,LOSS,BetOnline,2/7/2019
BOS,128,99.33,201902070BOS,1,0.574,0.072,0.25,0.213,222,-12,-100,223.5,WIN,PUSH,LOSS,BetOnline,2/7/2019
GSW,115,100.6184327,201901260BOS,0,0.518,0.125,0.244,0.41,222,-12,-100,223.5,WIN,PUSH,LOSS,BetOnline,1/26/2019
BOS,111,100.6184327,201901260BOS,1,0.49,0.117,0.263,0.152,222,-12,-100,223.5,WIN,PUSH,LOSS,BetOnline,1/26/2019
CLE,121,91.02132622,201811230PHI,0,0.586,0.074,0.341,0.172,222,-12,-100,223.5,WIN,PUSH,LOSS,BetOnline,11/23/2018
PHI,112,91.02132622,201811230PHI,1,0.613,0.104,0.125,0.347,222,-12,-100,223.5,WIN,PUSH,LOSS,BetOnline,11/23/2018
SAC,120,108.0359837,201903140BOS,0,0.563,0.087,0.16,0.242,222,-12,-100,223.5,WIN,PUSH,LOSS,BetOnline,3/14/2019
BOS,126,108.0359837,201903140BOS,1,0.552,0.107,0.204,0.268,222,-12,-100,223.5,WIN,PUSH,LOSS,BetOnline,3/14/2019
CHO,103,100.4101554,201810270PHI,0,0.437,0.079,0.176,0.253,222,-12,-100,223.5,WIN,PUSH,LOSS,BetOnline,10/27/2018
PHI,105,100.4101554,201810270PHI,1,0.44,0.095,0.264,0.33,222,-12,-100,223.5,WIN,PUSH,LOSS,BetOnline,10/27/2018
ATL,92,105.4902115,201810290PHI,0,0.415,0.112,0.172,0.223,222,-12,-100,223.5,WIN,PUSH,LOSS,BetOnline,10/29/2018
PHI,113,105.4902115,201810290PHI,1,0.485,0.151,0.302,0.182,222,-12,-100,223.5,WIN,PUSH,LOSS,BetOnline,10/29/2018
POR,97,95.05922144,201902270BOS,0,0.456,0.1,0.283,0.222,222,-12,-100,223.5,WIN,PUSH,LOSS,BetOnline,2/27/2019
BOS,92,95.05922144,201902270BOS,1,0.494,0.15,0.186,0.116,222,-12,-100,223.5,WIN,PUSH,LOSS,BetOnline,2/27/2019
ORL,115,95.49138076,201810200PHI,0,0.544,0.123,0.298,0.244,222,-12,-100,223.5,WIN,PUSH,LOSS,BetOnline,10/20/2018
PHI,116,95.49138076,201810200PHI,1,0.569,0.092,0.271,0.106,222,-12,-100,223.5,WIN,PUSH,LOSS,BetOnline,10/20/2018
IND,74,94.78184868,201904140BOS,0,0.369,0.122,0.158,0.25,222,-12,-100,223.5,WIN,PUSH,LOSS,BetOnline,4/14/2019
BOS,84,94.78184868,201904140BOS,1,0.429,0.164,0.175,0.286,222,-12,-100,223.5,WIN,PUSH,LOSS,BetOnline,4/14/2019
LAC,123,108.9675057,201902090BOS,0,0.548,0.143,0.14,0.476,222,-12,-100,223.5,WIN,PUSH,LOSS,BetOnline,2/9/2019
BOS,112,108.9675057,201902090BOS,1,0.473,0.102,0.157,0.337,222,-12,-100,223.5,WIN,PUSH,LOSS,BetOnline,2/9/2019
IND,91,92.43487179,201904170BOS,0,0.525,0.114,0.089,0.123,222,-12,-100,223.5,WIN,PUSH,LOSS,BetOnline,4/17/2019
BOS,99,92.43487179,201904170BOS,1,0.542,0.137,0.179,0.107,222,-12,-100,223.5,WIN,PUSH,LOSS,BetOnline,4/17/2019
MIL,113,104.2885535,201905060BOS,0,0.48,0.067,0.208,0.25,222,-12,-100,223.5,WIN,PUSH,LOSS,BetOnline,5/6/2019
BOS,101,104.2885535,201905060BOS,1,0.428,0.096,0.167,0.333,222,-12,-100,223.5,WIN,PUSH,LOSS,BetOnline,5/6/2019
IND,112,97.18342353,201903290BOS,0,0.533,0.107,0.28,0.256,222,-12,-100,223.5,WIN,PUSH,LOSS,BetOnline,3/29/2019
BOS,114,97.18342353,201903290BOS,1,0.587,0.13,0.206,0.198,222,-12,-100,223.5,WIN,PUSH,LOSS,BetOnline,3/29/2019
MIL,123,104.7539354,201905030BOS,0,0.596,0.132,0.156,0.434,222,-12,-100,223.5,WIN,PUSH,LOSS,BetOnline,5/3/2019
BOS,116,104.7539354,201905030BOS,1,0.531,0.152,0.14,0.395,222,-12,-100,223.5,WIN,PUSH,LOSS,BetOnline,5/3/2019
DET,110,98.2251946,201902130BOS,0,0.506,0.1,0.213,0.405,222,-12,-100,223.5,WIN,PUSH,LOSS,BetOnline,2/13/2019
BOS,118,98.2251946,201902130BOS,1,0.602,0.145,0.244,0.17,222,-12,-100,223.5,WIN,PUSH,LOSS,BetOnline,2/13/2019
NYK,91,100.4324727,201811280PHI,0,0.38,0.113,0.208,0.239,222,-12,-100,223.5,WIN,PUSH,LOSS,BetOnline,11/28/2018
PHI,117,100.4324727,201811280PHI,1,0.609,0.145,0.211,0.184,222,-12,-100,223.5,WIN,PUSH,LOSS,BetOnline,11/28/2018
BRK,127,101.3509559,201812120PHI,0,0.608,0.147,0.206,0.581,222,-12,-100,223.5,WIN,PUSH,LOSS,BetOnline,12/12/2018
PHI,124,101.3509559,201812120PHI,1,0.615,0.148,0.25,0.176,222,-12,-100,223.5,WIN,PUSH,LOSS,BetOnline,12/12/2018
HOU,115,93.43521739,201903030BOS,0,0.606,0.115,0.217,0.363,222,-12,-100,223.5,WIN,PUSH,LOSS,BetOnline,3/3/2019
BOS,104,93.43521739,201903030BOS,1,0.532,0.127,0.2,0.377,222,-12,-100,223.5,WIN,PUSH,LOSS,BetOnline,3/3/2019
OKC,129,105.1644444,201902030BOS,0,0.565,0.093,0.25,0.37,222,-12,-100,223.5,WIN,PUSH,LOSS,BetOnline,2/3/2019
BOS,134,105.1644444,201902030BOS,1,0.665,0.124,0.139,0.187,222,-12,-100,223.5,WIN,PUSH,LOSS,BetOnline,2/3/2019
MIA,105,98.37463122,201904010BOS,0,0.511,0.135,0.205,0.205,222,-12,-100,223.5,WIN,PUSH,LOSS,BetOnline,4/1/2019
BOS,110,98.37463122,201904010BOS,1,0.489,0.106,0.264,0.264,222,-12,-100,223.5,WIN,PUSH,LOSS,BetOnline,4/1/2019
DET,102,97.6564652,201812100PHI,0,0.542,0.139,0.238,0.25,222,-12,-100,223.5,WIN,PUSH,LOSS,BetOnline,12/10/2018
PHI,116,97.6564652,201812100PHI,1,0.528,0.112,0.308,0.398,222,-12,-100,223.5,WIN,PUSH,LOSS,BetOnline,12/10/2018
MEM,95,98.67947403,201812020PHI,0,0.487,0.136,0.068,0.291,222,-12,-100,223.5,WIN,PUSH,LOSS,BetOnline,12/2/2018
PHI,103,98.67947403,201812020PHI,1,0.541,0.155,0.086,0.405,222,-12,-100,223.5,WIN,PUSH,LOSS,BetOnline,12/2/2018
ORL,116,99.8745,201904070BOS,0,0.522,0.123,0.25,0.244,222,-12,-100,223.5,WIN,PUSH,LOSS,BetOnline,4/7/2019
BOS,108,99.8745,201904070BOS,1,0.539,0.12,0.15,0.157,222,-12,-100,223.5,WIN,PUSH,LOSS,BetOnline,4/7/2019
ATL,120,106.6044444,201903160BOS,0,0.505,0.133,0.352,0.24,222,-12,-100,223.5,WIN,PUSH,LOSS,BetOnline,3/16/2019
BOS,129,106.6044444,201903160BOS,1,0.543,0.114,0.262,0.398,222,-12,-100,223.5,WIN,PUSH,LOSS,BetOnline,3/16/2019
CHO,132,112.7362708,201811090PHI,0,0.464,0.03,0.233,0.364,222,-12,-100,223.5,WIN,PUSH,LOSS,BetOnline,11/9/2018
PHI,133,112.7362708,201811090PHI,1,0.543,0.125,0.271,0.436,222,-12,-100,223.5,WIN,PUSH,LOSS,BetOnline,11/9/2018
WAS,96,101.1454943,201903010BOS,0,0.461,0.156,0.239,0.213,222,-12,-100,223.5,WIN,PUSH,LOSS,BetOnline,3/1/2019
BOS,107,101.1454943,201903010BOS,1,0.5,0.106,0.208,0.181,222,-12,-100,223.5,WIN,PUSH,LOSS,BetOnline,3/1/2019
DET,99,105.9334464,201811030PHI,0,0.428,0.144,0.143,0.494,222,-12,-100,223.5,WIN,PUSH,LOSS,BetOnline,11/3/2018
PHI,109,105.9334464,201811030PHI,1,0.471,0.157,0.075,0.739,222,-12,-100,223.5,WIN,PUSH,LOSS,BetOnline,11/3/2018
UTA,107,101.6798937,201811160PHI,0,0.489,0.111,0.244,0.42,222,-12,-100,223.5,WIN,PUSH,LOSS,BetOnline,11/16/2018
PHI,113,101.6798937,201811160PHI,1,0.574,0.152,0.256,0.395,222,-12,-100,223.5,WIN,PUSH,LOSS,BetOnline,11/16/2018
PHO,114,104.4755556,201811190PHI,0,0.58,0.118,0.111,0.276,222,-12,-100,223.5,WIN,PUSH,LOSS,BetOnline,11/19/2018
PHI,119,104.4755556,201811190PHI,1,0.524,0.156,0.333,0.5,222,-12,-100,223.5,WIN,PUSH,LOSS,BetOnline,11/19/2018
SAS,115,96.06070588,201903240BOS,0,0.551,0.073,0.244,0.082,222,-12,-100,223.5,WIN,PUSH,LOSS,BetOnline,3/24/2019
BOS,96,96.06070588,201903240BOS,1,0.441,0.073,0.216,0.17,222,-12,-100,223.5,WIN,PUSH,LOSS,BetOnline,3/24/2019
CHO,94,94.065625,201901300BOS,0,0.511,0.115,0.146,0.079,222,-12,-100,223.5,WIN,PUSH,LOSS,BetOnline,1/30/2019
BOS,126,94.065625,201901300BOS,1,0.622,0.093,0.333,0.178,222,-12,-100,223.5,WIN,PUSH,LOSS,BetOnline,1/30/2019
BRK,104,103.3562821,201901280BOS,0,0.442,0.134,0.308,0.155,222,-12,-100,223.5,WIN,PUSH,LOSS,BetOnline,1/28/2019
BOS,112,103.3562821,201901280BOS,1,0.515,0.14,0.333,0.1,222,-12,-100,223.5,WIN,PUSH,LOSS,BetOnline,1/28/2019
WAS,98,104.287585,201811300PHI,0,0.446,0.13,0.163,0.207,222,-12,-100,223.5,WIN,PUSH,LOSS,BetOnline,11/30/2018
PHI,123,104.287585,201811300PHI,1,0.5,0.096,0.333,0.337,222,-12,-100,223.5,WIN,PUSH,LOSS,BetOnline,11/30/2018
CHI,108,108.3801542,201810180PHI,0,0.49,0.101,0.102,0.119,222,-12,-100,223.5,WIN,PUSH,LOSS,BetOnline,10/18/2018
PHI,127,108.3801542,201810180PHI,1,0.538,0.109,0.244,0.323,222,-12,-100,223.5,WIN,PUSH,LOSS,BetOnline,10/18/2018
NYK,109,99.48505978,201812190PHI,0,0.488,0.074,0.087,0.36,222,-12,-100,223.5,WIN,PUSH,LOSS,BetOnline,12/19/2018
PHI,131,99.48505978,201812190PHI,1,0.619,0.083,0.225,0.284,222,-12,-100,223.5,WIN,PUSH,LOSS,BetOnline,12/19/2018
TOR,119,96.0852983,201902050PHI,0,0.522,0.088,0.341,0.36,222,-12,-100,223.5,WIN,PUSH,LOSS,BetOnline,2/5/2019
PHI,107,96.0852983,201902050PHI,1,0.493,0.17,0.156,0.586,222,-12,-100,223.5,WIN,PUSH,LOSS,BetOnline,2/5/2019
DAL,100,100.4616667,201901050PHI,0,0.483,0.133,0.18,0.261,222,-12,-100,223.5,WIN,PUSH,LOSS,BetOnline,1/5/2019
PHI,106,100.4616667,201901050PHI,1,0.506,0.093,0.167,0.398,222,-12,-100,223.5,WIN,PUSH,LOSS,BetOnline,1/5/2019
TOR,101,107.1892366,201812220PHI,0,0.442,0.127,0.14,0.2,222,-12,-100,223.5,WIN,PUSH,LOSS,BetOnline,12/22/2018
PHI,126,107.1892366,201812220PHI,1,0.588,0.099,0.108,0.412,222,-12,-100,223.5,WIN,PUSH,LOSS,BetOnline,12/22/2018
WAS,115,102.8742683,201901080PHI,0,0.583,0.146,0.143,0.25,222,-12,-100,223.5,WIN,PUSH,LOSS,BetOnline,1/8/2019
PHI,132,102.8742683,201901080PHI,1,0.653,0.161,0.317,0.284,222,-12,-100,223.5,WIN,PUSH,LOSS,BetOnline,1/8/2019
POR,130,99.9951897,201902230PHI,0,0.52,0.09,0.422,0.293,222,-12,-100,223.5,WIN,PUSH,LOSS,BetOnline,2/23/2019
PHI,115,99.9951897,201902230PHI,1,0.534,0.1,0.171,0.322,222,-12,-100,223.5,WIN,PUSH,LOSS,BetOnline,2/23/2019
ATL,123,98.12369118,201901110PHI,0,0.63,0.184,0.441,0.333,222,-12,-100,223.5,WIN,PUSH,LOSS,BetOnline,1/11/2019
PHI,121,98.12369118,201901110PHI,1,0.58,0.132,0.275,0.31,222,-12,-100,223.5,WIN,PUSH,LOSS,BetOnline,1/11/2019
MIN,107,105.5862121,201901150PHI,0,0.433,0.095,0.164,0.389,222,-12,-100,223.5,WIN,PUSH,LOSS,BetOnline,1/15/2019
PHI,149,105.5862121,201901150PHI,1,0.712,0.129,0.242,0.228,222,-12,-100,223.5,WIN,PUSH,LOSS,BetOnline,1/15/2019
ORL,106,97.92822727,201903050PHI,0,0.522,0.109,0.2,0.129,222,-12,-100,223.5,WIN,PUSH,LOSS,BetOnline,3/5/2019
PHI,114,97.92822727,201903050PHI,1,0.534,0.101,0.227,0.236,222,-12,-100,223.5,WIN,PUSH,LOSS,BetOnline,3/5/2019
BOS,115,97.38486953,201903200PHI,0,0.531,0.072,0.213,0.167,222,-12,-100,223.5,WIN,PUSH,LOSS,BetOnline,3/20/2019
PHI,118,97.38486953,201903200PHI,1,0.439,0.068,0.321,0.478,222,-12,-100,223.5,WIN,PUSH,LOSS,BetOnline,3/20/2019
OKC,117,100.846087,201901190PHI,0,0.505,0.087,0.239,0.28,222,-12,-100,223.5,WIN,PUSH,LOSS,BetOnline,1/19/2019
PHI,115,100.846087,201901190PHI,1,0.537,0.148,0.261,0.481,222,-12,-100,223.5,WIN,PUSH,LOSS,BetOnline,1/19/2019
MIA,102,98.99076087,201902210PHI,0,0.511,0.083,0.152,0.128,222,-12,-100,223.5,WIN,PUSH,LOSS,BetOnline,2/21/2019
PHI,106,98.99076087,201902210PHI,1,0.494,0.133,0.267,0.427,222,-12,-100,223.5,WIN,PUSH,LOSS,BetOnline,2/21/2019
CHI,109,96.3157365,201904100PHI,0,0.521,0.064,0.191,0.158,222,-12,-100,223.5,WIN,PUSH,LOSS,BetOnline,4/10/2019
PHI,125,96.3157365,201904100PHI,1,0.624,0.057,0.231,0.161,222,-12,-100,223.5,WIN,PUSH,LOSS,BetOnline,4/10/2019
SAC,114,100.1128827,201903150PHI,0,0.505,0.071,0.204,0.255,222,-12,-100,223.5,WIN,PUSH,LOSS,BetOnline,3/15/2019
PHI,123,100.1128827,201903150PHI,1,0.544,0.089,0.25,0.297,222,-12,-100,223.5,WIN,PUSH,LOSS,BetOnline,3/15/2019
BRK,110,102.1004082,201903280PHI,0,0.506,0.127,0.234,0.322,222,-12,-100,223.5,WIN,PUSH,LOSS,BetOnline,3/28/2019
PHI,123,102.1004082,201903280PHI,1,0.567,0.081,0.209,0.311,222,-12,-100,223.5,WIN,PUSH,LOSS,BetOnline,3/28/2019
SAS,120,96.27518717,201901230PHI,0,0.652,0.145,0.147,0.183,222,-12,-100,223.5,WIN,PUSH,LOSS,BetOnline,1/23/2019
PHI,122,96.27518717,201901230PHI,1,0.597,0.1,0.295,0.151,222,-12,-100,223.5,WIN,PUSH,LOSS,BetOnline,1/23/2019
BOS,112,94.32861499,201902120PHI,0,0.54,0.049,0.178,0.239,222,-12,-100,223.5,WIN,PUSH,LOSS,BetOnline,2/12/2019
PHI,109,94.32861499,201902120PHI,1,0.544,0.13,0.233,0.388,222,-12,-100,223.5,WIN,PUSH,LOSS,BetOnline,2/12/2019
LAL,120,106.0305682,201902100PHI,0,0.57,0.136,0.205,0.204,222,-12,-100,223.5,WIN,PUSH,LOSS,BetOnline,2/10/2019
PHI,143,106.0305682,201902100PHI,1,0.639,0.062,0.171,0.227,222,-12,-100,223.5,WIN,PUSH,LOSS,BetOnline,2/10/2019
IND,89,97.78089542,201903100PHI,0,0.404,0.124,0.235,0.446,222,-12,-100,223.5,WIN,PUSH,LOSS,BetOnline,3/10/2019
PHI,106,97.78089542,201903100PHI,1,0.477,0.115,0.289,0.345,222,-12,-100,223.5,WIN,PUSH,LOSS,BetOnline,3/10/2019
HOU,93,102.1060924,201901210PHI,0,0.424,0.11,0.118,0.302,222,-12,-100,223.5,WIN,PUSH,LOSS,BetOnline,1/21/2019
PHI,121,102.1060924,201901210PHI,1,0.534,0.113,0.238,0.375,222,-12,-100,223.5,WIN,PUSH,LOSS,BetOnline,1/21/2019
MIL,128,110.7296577,201904040PHI,0,0.516,0.082,0.17,0.462,222,-12,-100,223.5,WIN,PUSH,LOSS,BetOnline,4/4/2019
PHI,122,110.7296577,201904040PHI,1,0.568,0.112,0.087,0.189,222,-12,-100,223.5,WIN,PUSH,LOSS,BetOnline,4/4/2019
IND,113,97.02299912,201812140PHI,0,0.484,0.062,0.256,0.253,222,-12,-100,223.5,WIN,PUSH,LOSS,BetOnline,12/14/2018
PHI,101,97.02299912,201812140PHI,1,0.46,0.138,0.321,0.307,222,-12,-100,223.5,WIN,PUSH,LOSS,BetOnline,12/14/2018
GSW,120,105.2642586,201903020PHI,0,0.593,0.119,0.103,0.42,222,-12,-100,223.5,WIN,PUSH,LOSS,BetOnline,3/2/2019
PHI,117,105.2642586,201903020PHI,1,0.529,0.174,0.239,0.333,222,-12,-100,223.5,WIN,PUSH,LOSS,BetOnline,3/2/2019
DEN,110,100.9773256,201902080PHI,0,0.521,0.107,0.186,0.138,222,-12,-100,223.5,WIN,PUSH,LOSS,BetOnline,2/8/2019
PHI,117,100.9773256,201902080PHI,1,0.564,0.156,0.179,0.41,222,-12,-100,223.5,WIN,PUSH,LOSS,BetOnline,2/8/2019
CLE,99,99.94560526,201903120PHI,0,0.46,0.063,0.158,0.079,222,-12,-100,223.5,WIN,PUSH,LOSS,BetOnline,3/12/2019
PHI,106,99.94560526,201903120PHI,1,0.541,0.185,0.3,0.2,222,-12,-100,223.5,WIN,PUSH,LOSS,BetOnline,3/12/2019
PHO,103,98.34111111,201812230BRK,0,0.5,0.111,0.222,0.18,222,-12,-100,223.5,WIN,PUSH,LOSS,BetOnline,12/23/2018
BRK,111,98.34111111,201812230BRK,1,0.529,0.146,0.311,0.388,222,-12,-100,223.5,WIN,PUSH,LOSS,BetOnline,12/23/2018
SAC,94,100.7423077,201901210BRK,0,0.473,0.125,0.185,0.118,222,-12,-100,223.5,WIN,PUSH,LOSS,BetOnline,1/21/2019
BRK,123,100.7423077,201901210BRK,1,0.572,0.137,0.308,0.267,222,-12,-100,223.5,WIN,PUSH,LOSS,BetOnline,1/21/2019
CLE,99,91.3232942,201812030BRK,0,0.455,0.085,0.298,0.227,222,-12,-100,223.5,WIN,PUSH,LOSS,BetOnline,12/3/2018
BRK,97,91.3232942,201812030BRK,1,0.444,0.062,0.293,0.162,222,-12,-100,223.5,WIN,PUSH,LOSS,BetOnline,12/3/2018
LAC,127,98.3258204,201811170BRK,0,0.563,0.07,0.22,0.253,222,-12,-100,223.5,WIN,PUSH,LOSS,BetOnline,11/17/2018
BRK,119,98.3258204,201811170BRK,1,0.528,0.097,0.341,0.386,222,-12,-100,223.5,WIN,PUSH,LOSS,BetOnline,11/17/2018
TOR,95,93.54715909,201905020PHI,0,0.464,0.088,0.182,0.277,222,-12,-100,223.5,WIN,PUSH,LOSS,BetOnline,5/2/2019
PHI,116,93.54715909,201905020PHI,1,0.571,0.121,0.25,0.274,222,-12,-100,223.5,WIN,PUSH,LOSS,BetOnline,5/2/2019
BRK,123,102.7811491,201904150PHI,0,0.561,0.12,0.261,0.322,222,-12,-100,223.5,WIN,PUSH,LOSS,BetOnline,4/15/2019
PHI,145,102.7811491,201904150PHI,1,0.607,0.097,0.429,0.327,222,-12,-100,223.5,WIN,PUSH,LOSS,BetOnline,4/15/2019
MIA,120,106.9119737,201811140BRK,0,0.588,0.149,0.167,0.329,222,-12,-100,223.5,WIN,PUSH,LOSS,BetOnline,11/14/2018
BRK,107,106.9119737,201811140BRK,1,0.446,0.119,0.281,0.238,222,-12,-100,223.5,WIN,PUSH,LOSS,BetOnline,11/14/2018
MIN,112,95.74696796,201811230BRK,0,0.527,0.066,0.196,0.185,222,-12,-100,223.5,WIN,PUSH,LOSS,BetOnline,11/23/2018
BRK,102,95.74696796,201811230BRK,1,0.506,0.166,0.237,0.329,222,-12,-100,223.5,WIN,PUSH,LOSS,BetOnline,11/23/2018
BRK,111,97.96045455,201904130PHI,0,0.494,0.1,0.227,0.295,222,-12,-100,223.5,WIN,PUSH,LOSS,BetOnline,4/13/2019
PHI,102,97.96045455,201904130PHI,1,0.424,0.111,0.314,0.488,222,-12,-100,223.5,WIN,PUSH,LOSS,BetOnline,4/13/2019
DET,119,109.4026321,201810310BRK,0,0.478,0.127,0.275,0.419,222,-12,-100,223.5,WIN,PUSH,LOSS,BetOnline,10/31/2018
BRK,120,109.4026321,201810310BRK,1,0.485,0.123,0.305,0.297,222,-12,-100,223.5,WIN,PUSH,LOSS,BetOnline,10/31/2018
UTA,101,101.1506878,201811280BRK,0,0.53,0.172,0.19,0.256,222,-12,-100,223.5,WIN,PUSH,LOSS,BetOnline,11/28/2018
BRK,91,101.1506878,201811280BRK,1,0.413,0.169,0.259,0.326,222,-12,-100,223.5,WIN,PUSH,LOSS,BetOnline,11/28/2018
BOS,102,98.29888986,201901140BRK,0,0.467,0.09,0.192,0.253,222,-12,-100,223.5,WIN,PUSH,LOSS,BetOnline,1/14/2019
BRK,109,98.29888986,201901140BRK,1,0.506,0.149,0.295,0.291,222,-12,-100,223.5,WIN,PUSH,LOSS,BetOnline,1/14/2019
MEM,131,111.7145556,201811300BRK,0,0.554,0.133,0.216,0.218,222,-12,-100,223.5,WIN,PUSH,LOSS,BetOnline,11/30/2018
BRK,125,111.7145556,201811300BRK,1,0.532,0.13,0.244,0.319,222,-12,-100,223.5,WIN,PUSH,LOSS,BetOnline,11/30/2018
OKC,114,102.4591582,201812050BRK,0,0.5,0.105,0.327,0.263,222,-12,-100,223.5,WIN,PUSH,LOSS,BetOnline,12/5/2018
BRK,112,102.4591582,201812050BRK,1,0.517,0.124,0.189,0.349,222,-12,-100,223.5,WIN,PUSH,LOSS,BetOnline,12/5/2018
PHI,127,100.2809838,201811250BRK,0,0.549,0.079,0.283,0.363,222,-12,-100,223.5,WIN,PUSH,LOSS,BetOnline,11/25/2018
BRK,125,100.2809838,201811250BRK,1,0.625,0.142,0.256,0.227,222,-12,-100,223.5,WIN,PUSH,LOSS,BetOnline,11/25/2018
LAL,110,104.445,201812180BRK,0,0.539,0.123,0.182,0.256,222,-12,-100,223.5,WIN,PUSH,LOSS,BetOnline,12/18/2018
BRK,115,104.445,201812180BRK,1,0.56,0.1,0.091,0.209,222,-12,-100,223.5,WIN,PUSH,LOSS,BetOnline,12/18/2018
NOP,121,98.38209302,201901020BRK,0,0.586,0.108,0.244,0.31,222,-12,-100,223.5,WIN,PUSH,LOSS,BetOnline,1/2/2019
BRK,126,98.38209302,201901020BRK,1,0.591,0.089,0.279,0.226,222,-12,-100,223.5,WIN,PUSH,LOSS,BetOnline,1/2/2019
HOU,119,92.41190385,201811020BRK,0,0.584,0.085,0.275,0.386,222,-12,-100,223.5,WIN,PUSH,LOSS,BetOnline,11/2/2018
BRK,111,92.41190385,201811020BRK,1,0.582,0.096,0.231,0.235,222,-12,-100,223.5,WIN,PUSH,LOSS,BetOnline,11/2/2018
WAS,118,96.99359677,201812140BRK,0,0.606,0.085,0.1,0.178,222,-12,-100,223.5,WIN,PUSH,LOSS,BetOnline,12/14/2018
BRK,125,96.99359677,201812140BRK,1,0.589,0.084,0.29,0.369,222,-12,-100,223.5,WIN,PUSH,LOSS,BetOnline,12/14/2018
TOR,105,106.7018275,201812070BRK,0,0.455,0.128,0.12,0.326,222,-12,-100,223.5,WIN,PUSH,LOSS,BetOnline,12/7/2018
BRK,106,106.7018275,201812070BRK,1,0.495,0.162,0.314,0.133,222,-12,-100,223.5,WIN,PUSH,LOSS,BetOnline,12/7/2018
TOR,101,96.05653659,201905090PHI,0,0.488,0.113,0.2,0.358,222,-12,-100,223.5,WIN,PUSH,LOSS,BetOnline,5/9/2019
PHI,112,96.05653659,201905090PHI,1,0.517,0.152,0.39,0.292,222,-12,-100,223.5,WIN,PUSH,LOSS,BetOnline,5/9/2019
ATL,127,101.2428958,201812160BRK,0,0.635,0.127,0.216,0.294,222,-12,-100,223.5,WIN,PUSH,LOSS,BetOnline,12/16/2018
BRK,144,101.2428958,201812160BRK,1,0.648,0.113,0.286,0.375,222,-12,-100,223.5,WIN,PUSH,LOSS,BetOnline,12/16/2018
NYK,105,93.75315152,201810190BRK,0,0.448,0.028,0.218,0.206,222,-12,-100,223.5,WIN,PUSH,LOSS,BetOnline,10/19/2018
BRK,107,93.75315152,201810190BRK,1,0.573,0.205,0.333,0.32,222,-12,-100,223.5,WIN,PUSH,LOSS,BetOnline,10/19/2018
ATL,100,104.835,201901090BRK,0,0.394,0.147,0.333,0.253,222,-12,-100,223.5,WIN,PUSH,LOSS,BetOnline,1/9/2019
BRK,116,104.835,201901090BRK,1,0.505,0.145,0.346,0.274,222,-12,-100,223.5,WIN,PUSH,LOSS,BetOnline,1/9/2019
BRK,100,108.0113372,201904230PHI,0,0.435,0.119,0.167,0.269,222,-12,-100,223.5,WIN,PUSH,LOSS,BetOnline,4/23/2019
PHI,122,108.0113372,201904230PHI,1,0.58,0.155,0.256,0.09,222,-12,-100,223.5,WIN,PUSH,LOSS,BetOnline,4/23/2019
PHI,97,101.1960817,201811040BRK,0,0.508,0.245,0.281,0.631,222,-12,-100,223.5,WIN,PUSH,LOSS,BetOnline,11/4/2018
BRK,122,101.1960817,201811040BRK,1,0.519,0.074,0.288,0.171,222,-12,-100,223.5,WIN,PUSH,LOSS,BetOnline,11/4/2018
IND,114,92.76122549,201812210BRK,0,0.604,0.109,0.167,0.22,222,-12,-100,223.5,WIN,PUSH,LOSS,BetOnline,12/21/2018
BRK,106,92.76122549,201812210BRK,1,0.569,0.187,0.324,0.472,222,-12,-100,223.5,WIN,PUSH,LOSS,BetOnline,12/21/2018
CHO,132,117.6201961,201812260BRK,0,0.514,0.098,0.203,0.283,222,-12,-100,223.5,WIN,PUSH,LOSS,BetOnline,12/26/2018
BRK,134,117.6201961,201812260BRK,1,0.582,0.132,0.196,0.173,222,-12,-100,223.5,WIN,PUSH,LOSS,BetOnline,12/26/2018
GSW,120,99.72471591,201810280BRK,0,0.556,0.108,0.273,0.27,222,-12,-100,223.5,WIN,PUSH,LOSS,BetOnline,10/28/2018
BRK,114,99.72471591,201810280BRK,1,0.598,0.138,0.125,0.172,222,-12,-100,223.5,WIN,PUSH,LOSS,BetOnline,10/28/2018
MIL,113,104.7932727,201902040BRK,0,0.475,0.074,0.273,0.248,222,-12,-100,223.5,WIN,PUSH,LOSS,BetOnline,2/4/2019
BRK,94,104.7932727,201902040BRK,1,0.348,0.102,0.267,0.275,222,-12,-100,223.5,WIN,PUSH,LOSS,BetOnline,2/4/2019
ORL,110,100.3615407,201901230BRK,0,0.489,0.114,0.25,0.315,222,-12,-100,223.5,WIN,PUSH,LOSS,BetOnline,1/23/2019
BRK,114,100.3615407,201901230BRK,1,0.533,0.138,0.279,0.256,222,-12,-100,223.5,WIN,PUSH,LOSS,BetOnline,1/23/2019
PHI,112,101.8036368,201904200BRK,0,0.545,0.156,0.293,0.239,222,-12,-100,223.5,WIN,PUSH,LOSS,BetOnline,4/20/2019
BRK,108,101.8036368,201904200BRK,1,0.467,0.119,0.232,0.344,222,-12,-100,223.5,WIN,PUSH,LOSS,BetOnline,4/20/2019
PHI,131,108.1379167,201904180BRK,0,0.537,0.128,0.333,0.372,222,-12,-100,223.5,WIN,PUSH,LOSS,BetOnline,4/18/2019
BRK,115,108.1379167,201904180BRK,1,0.448,0.119,0.25,0.365,222,-12,-100,223.5,WIN,PUSH,LOSS,BetOnline,4/18/2019
DEN,130,108.7360768,201902060BRK,0,0.571,0.107,0.255,0.212,222,-12,-100,223.5,WIN,PUSH,LOSS,BetOnline,2/6/2019
BRK,135,108.7360768,201902060BRK,1,0.617,0.111,0.122,0.367,222,-12,-100,223.5,WIN,PUSH,LOSS,BetOnline,2/6/2019
ATL,107,113.5136919,201810170NYK,0,0.511,0.197,0.163,0.2,222,-12,-100,223.5,WIN,PUSH,LOSS,BetOnline,10/17/2018
NYK,126,113.5136919,201810170NYK,1,0.515,0.118,0.208,0.313,222,-12,-100,223.5,WIN,PUSH,LOSS,BetOnline,10/17/2018
NYK,99,99.55625,201901250BRK,0,0.471,0.075,0.125,0.299,222,-12,-100,223.5,WIN,PUSH,LOSS,BetOnline,1/25/2019
BRK,109,99.55625,201901250BRK,1,0.458,0.154,0.4,0.56,222,-12,-100,223.5,WIN,PUSH,LOSS,BetOnline,1/25/2019
MIL,131,112.5313333,201904010BRK,0,0.559,0.116,0.133,0.319,222,-12,-100,223.5,WIN,PUSH,LOSS,BetOnline,4/1/2019
BRK,121,112.5313333,201904010BRK,1,0.5,0.174,0.32,0.362,222,-12,-100,223.5,WIN,PUSH,LOSS,BetOnline,4/1/2019
DET,75,97.41349272,201903110BRK,0,0.32,0.103,0.262,0.165,222,-12,-100,223.5,WIN,PUSH,LOSS,BetOnline,3/11/2019
BRK,103,97.41349272,201903110BRK,1,0.563,0.161,0.135,0.278,222,-12,-100,223.5,WIN,PUSH,LOSS,BetOnline,3/11/2019
CHI,125,102.5527321,201902080BRK,0,0.624,0.143,0.229,0.282,222,-12,-100,223.5,WIN,PUSH,LOSS,BetOnline,2/8/2019
BRK,106,102.5527321,201902080BRK,1,0.484,0.098,0.125,0.17,222,-12,-100,223.5,WIN,PUSH,LOSS,BetOnline,2/8/2019
BOS,96,99.16662162,201903300BRK,0,0.47,0.139,0.167,0.277,222,-12,-100,223.5,WIN,PUSH,LOSS,BetOnline,3/30/2019
BRK,110,99.16662162,201903300BRK,1,0.53,0.112,0.135,0.337,222,-12,-100,223.5,WIN,PUSH,LOSS,BetOnline,3/30/2019
WAS,125,108.0613475,201902270BRK,0,0.516,0.134,0.333,0.323,222,-12,-100,223.5,WIN,PUSH,LOSS,BetOnline,2/27/2019
BRK,116,108.0613475,201902270BRK,1,0.506,0.135,0.149,0.459,222,-12,-100,223.5,WIN,PUSH,LOSS,BetOnline,2/27/2019
DAL,88,102.4573824,201903040BRK,0,0.425,0.119,0.1,0.253,222,-12,-100,223.5,WIN,PUSH,LOSS,BetOnline,3/4/2019
BRK,127,102.4573824,201903040BRK,1,0.665,0.122,0.088,0.224,222,-12,-100,223.5,WIN,PUSH,LOSS,BetOnline,3/4/2019
CHO,123,100.8639189,201903010BRK,0,0.58,0.114,0.25,0.181,222,-12,-100,223.5,WIN,PUSH,LOSS,BetOnline,3/1/2019
BRK,112,100.8639189,201903010BRK,1,0.57,0.138,0.189,0.209,222,-12,-100,223.5,WIN,PUSH,LOSS,BetOnline,3/1/2019
CLE,107,103.3693872,201903060BRK,0,0.494,0.146,0.22,0.333,222,-12,-100,223.5,WIN,PUSH,LOSS,BetOnline,3/6/2019
BRK,113,103.3693872,201903060BRK,1,0.538,0.12,0.234,0.286,222,-12,-100,223.5,WIN,PUSH,LOSS,BetOnline,3/6/2019
TOR,115,98.98056818,201904030BRK,0,0.49,0.059,0.279,0.133,222,-12,-100,223.5,WIN,PUSH,LOSS,BetOnline,4/3/2019
BRK,105,98.98056818,201904030BRK,1,0.535,0.128,0.205,0.244,222,-12,-100,223.5,WIN,PUSH,LOSS,BetOnline,4/3/2019
SAS,85,97.73241015,201902250BRK,0,0.385,0.098,0.182,0.125,222,-12,-100,223.5,WIN,PUSH,LOSS,BetOnline,2/25/2019
BRK,101,97.73241015,201902250BRK,1,0.549,0.146,0.14,0.198,222,-12,-100,223.5,WIN,PUSH,LOSS,BetOnline,2/25/2019
MIA,94,107.3036797,201904100BRK,0,0.429,0.118,0.143,0.153,222,-12,-100,223.5,WIN,PUSH,LOSS,BetOnline,4/10/2019
BRK,113,107.3036797,201904100BRK,1,0.469,0.093,0.303,0.061,222,-12,-100,223.5,WIN,PUSH,LOSS,BetOnline,4/10/2019
POR,113,101.9070502,201902210BRK,0,0.471,0.104,0.339,0.152,222,-12,-100,223.5,WIN,PUSH,LOSS,BetOnline,2/21/2019
BRK,99,101.9070502,201902210BRK,1,0.429,0.104,0.226,0.283,222,-12,-100,223.5,WIN,PUSH,LOSS,BetOnline,2/21/2019
CHI,117,111.4885366,201901290BRK,0,0.548,0.142,0.122,0.202,222,-12,-100,223.5,WIN,PUSH,LOSS,BetOnline,1/29/2019
BRK,122,111.4885366,201901290BRK,1,0.5,0.067,0.135,0.426,222,-12,-100,223.5,WIN,PUSH,LOSS,BetOnline,1/29/2019
PHO,128,104.2035338,201812170NYK,0,0.571,0.063,0.105,0.293,222,-12,-100,223.5,WIN,PUSH,LOSS,BetOnline,12/17/2018
NYK,110,104.2035338,201812170NYK,1,0.449,0.09,0.286,0.293,222,-12,-100,223.5,WIN,PUSH,LOSS,BetOnline,12/17/2018
GSW,128,99.67703571,201810260NYK,0,0.678,0.132,0.171,0.138,222,-12,-100,223.5,WIN,PUSH,LOSS,BetOnline,10/26/2018
NYK,100,99.67703571,201810260NYK,1,0.506,0.166,0.25,0.133,222,-12,-100,223.5,WIN,PUSH,LOSS,BetOnline,10/26/2018
WAS,110,96.33611317,201812030NYK,0,0.549,0.093,0.182,0.13,222,-12,-100,223.5,WIN,PUSH,LOSS,BetOnline,12/3/2018
NYK,107,96.33611317,201812030NYK,1,0.478,0.135,0.388,0.311,222,-12,-100,223.5,WIN,PUSH,LOSS,BetOnline,12/3/2018
NOP,109,99.28317573,201811230NYK,0,0.431,0.11,0.37,0.287,222,-12,-100,223.5,WIN,PUSH,LOSS,BetOnline,11/23/2018
NYK,114,99.28317573,201811230NYK,1,0.516,0.072,0.255,0.297,222,-12,-100,223.5,WIN,PUSH,LOSS,BetOnline,11/23/2018
ORL,115,103.327385,201811110NYK,0,0.536,0.097,0.196,0.112,222,-12,-100,223.5,WIN,PUSH,LOSS,BetOnline,11/11/2018
NYK,89,103.327385,201811110NYK,1,0.381,0.158,0.236,0.341,222,-12,-100,223.5,WIN,PUSH,LOSS,BetOnline,11/11/2018
OKC,127,100.3418286,201901210NYK,0,0.633,0.159,0.286,0.325,222,-12,-100,223.5,WIN,PUSH,LOSS,BetOnline,1/21/2019
NYK,109,100.3418286,201901210NYK,1,0.489,0.106,0.22,0.368,222,-12,-100,223.5,WIN,PUSH,LOSS,BetOnline,1/21/2019
CHI,116,111.8240517,201811050NYK,0,0.495,0.149,0.212,0.316,222,-12,-100,223.5,WIN,PUSH,LOSS,BetOnline,11/5/2018
NYK,115,111.8240517,201811050NYK,1,0.42,0.125,0.362,0.274,222,-12,-100,223.5,WIN,PUSH,LOSS,BetOnline,11/5/2018
IND,121,100.0130114,201901110NYK,0,0.585,0.124,0.275,0.117,222,-12,-100,223.5,WIN,PUSH,LOSS,BetOnline,1/11/2019
NYK,106,100.0130114,201901110NYK,1,0.523,0.144,0.182,0.182,222,-12,-100,223.5,WIN,PUSH,LOSS,BetOnline,1/11/2019
ATL,114,100.586087,201812210NYK,0,0.527,0.136,0.326,0.264,222,-12,-100,223.5,WIN,PUSH,LOSS,BetOnline,12/21/2018
NYK,107,100.586087,201812210NYK,1,0.536,0.113,0.093,0.286,222,-12,-100,223.5,WIN,PUSH,LOSS,BetOnline,12/21/2018
MIL,134,112.6199291,201812010NYK,0,0.585,0.129,0.222,0.33,222,-12,-100,223.5,WIN,PUSH,LOSS,BetOnline,12/1/2018
NYK,136,112.6199291,201812010NYK,1,0.635,0.132,0.128,0.219,222,-12,-100,223.5,WIN,PUSH,LOSS,BetOnline,12/1/2018
MIL,109,103.430625,201812250NYK,0,0.483,0.071,0.125,0.382,222,-12,-100,223.5,WIN,PUSH,LOSS,BetOnline,12/25/2018
NYK,95,103.430625,201812250NYK,1,0.402,0.116,0.25,0.216,222,-12,-100,223.5,WIN,PUSH,LOSS,BetOnline,12/25/2018
BOS,103,99.34534459,201810200NYK,0,0.457,0.135,0.239,0.402,222,-12,-100,223.5,WIN,PUSH,LOSS,BetOnline,10/20/2018
NYK,101,99.34534459,201810200NYK,1,0.483,0.139,0.234,0.31,222,-12,-100,223.5,WIN,PUSH,LOSS,BetOnline,10/20/2018
HOU,114,100.0391026,201901230NYK,0,0.472,0.101,0.283,0.422,222,-12,-100,223.5,WIN,PUSH,LOSS,BetOnline,1/23/2019
NYK,110,100.0391026,201901230NYK,1,0.525,0.16,0.256,0.37,222,-12,-100,223.5,WIN,PUSH,LOSS,BetOnline,1/23/2019
BRK,96,90.49627815,201810290NYK,0,0.47,0.096,0.229,0.262,222,-12,-100,223.5,WIN,PUSH,LOSS,BetOnline,10/29/2018
NYK,115,90.49627815,201810290NYK,1,0.538,0.115,0.432,0.196,222,-12,-100,223.5,WIN,PUSH,LOSS,BetOnline,10/29/2018
BRK,112,96.73710963,201812080NYK,0,0.551,0.108,0.279,0.284,222,-12,-100,223.5,WIN,PUSH,LOSS,BetOnline,12/8/2018
NYK,104,96.73710963,201812080NYK,1,0.518,0.111,0.214,0.361,222,-12,-100,223.5,WIN,PUSH,LOSS,BetOnline,12/8/2018
MIA,106,96.55371237,201901270NYK,0,0.536,0.14,0.205,0.214,222,-12,-100,223.5,WIN,PUSH,LOSS,BetOnline,1/27/2019
NYK,97,96.55371237,201901270NYK,1,0.47,0.104,0.152,0.286,222,-12,-100,223.5,WIN,PUSH,LOSS,BetOnline,1/27/2019
PHI,108,100.1649397,201901130NYK,0,0.494,0.138,0.308,0.345,222,-12,-100,223.5,WIN,PUSH,LOSS,BetOnline,1/13/2019
NYK,105,100.1649397,201901130NYK,1,0.488,0.092,0.137,0.349,222,-12,-100,223.5,WIN,PUSH,LOSS,BetOnline,1/13/2019
IND,107,94.13590278,201810310NYK,0,0.578,0.142,0.278,0.205,222,-12,-100,223.5,WIN,PUSH,LOSS,BetOnline,10/31/2018
NYK,101,94.13590278,201810310NYK,1,0.506,0.16,0.225,0.304,222,-12,-100,223.5,WIN,PUSH,LOSS,BetOnline,10/31/2018
CHO,119,102.8297902,201812090NYK,0,0.552,0.108,0.154,0.31,222,-12,-100,223.5,WIN,PUSH,LOSS,BetOnline,12/9/2018
NYK,107,102.8297902,201812090NYK,1,0.543,0.15,0.182,0.075,222,-12,-100,223.5,WIN,PUSH,LOSS,BetOnline,12/9/2018
POR,118,96.03433668,201811200NYK,0,0.558,0.097,0.304,0.179,222,-12,-100,223.5,WIN,PUSH,LOSS,BetOnline,11/20/2018
NYK,114,96.03433668,201811200NYK,1,0.584,0.139,0.256,0.265,222,-12,-100,223.5,WIN,PUSH,LOSS,BetOnline,11/20/2018
MIN,115,105.5777907,201902220NYK,0,0.534,0.114,0.152,0.368,222,-12,-100,223.5,WIN,PUSH,LOSS,BetOnline,2/22/2019
NYK,104,105.5777907,201902220NYK,1,0.494,0.172,0.186,0.279,222,-12,-100,223.5,WIN,PUSH,LOSS,BetOnline,2/22/2019
CLE,125,95.91210997,201902280NYK,0,0.6,0.103,0.235,0.45,222,-12,-100,223.5,WIN,PUSH,LOSS,BetOnline,2/28/2019
NYK,118,95.91210997,201902280NYK,1,0.542,0.071,0.304,0.242,222,-12,-100,223.5,WIN,PUSH,LOSS,BetOnline,2/28/2019
BOS,113,98.13982353,201902010NYK,0,0.525,0.063,0.216,0.1,222,-12,-100,223.5,WIN,PUSH,LOSS,BetOnline,2/1/2019
NYK,99,98.13982353,201902010NYK,1,0.506,0.157,0.2,0.14,222,-12,-100,223.5,WIN,PUSH,LOSS,BetOnline,2/1/2019
WAS,110,94.51660088,201904070NYK,0,0.466,0.067,0.368,0.175,222,-12,-100,223.5,WIN,PUSH,LOSS,BetOnline,4/7/2019
NYK,113,94.51660088,201904070NYK,1,0.619,0.145,0.194,0.238,222,-12,-100,223.5,WIN,PUSH,LOSS,BetOnline,4/7/2019
TOR,104,98.65913462,201902090NYK,0,0.465,0.108,0.192,0.337,222,-12,-100,223.5,WIN,PUSH,LOSS,BetOnline,2/9/2019
NYK,99,98.65913462,201902090NYK,1,0.468,0.12,0.288,0.202,222,-12,-100,223.5,WIN,PUSH,LOSS,BetOnline,2/9/2019
MEM,96,92.3227483,201902030NYK,0,0.456,0.066,0.204,0.198,222,-12,-100,223.5,WIN,PUSH,LOSS,BetOnline,2/3/2019
NYK,84,92.3227483,201902030NYK,1,0.459,0.152,0.133,0.297,222,-12,-100,223.5,WIN,PUSH,LOSS,BetOnline,2/3/2019
DAL,114,97.12483156,201901300NYK,0,0.625,0.168,0.194,0.131,222,-12,-100,223.5,WIN,PUSH,LOSS,BetOnline,1/30/2019
NYK,90,97.12483156,201901300NYK,1,0.449,0.117,0.106,0.359,222,-12,-100,223.5,WIN,PUSH,LOSS,BetOnline,1/30/2019
MIA,100,97.56676389,201903300NYK,0,0.483,0.156,0.292,0.189,222,-12,-100,223.5,WIN,PUSH,LOSS,BetOnline,3/30/2019
NYK,92,97.56676389,201903300NYK,1,0.461,0.17,0.178,0.325,222,-12,-100,223.5,WIN,PUSH,LOSS,BetOnline,3/30/2019
LAL,123,100.6683333,201903170NYK,0,0.521,0.084,0.3,0.289,222,-12,-100,223.5,WIN,PUSH,LOSS,BetOnline,3/17/2019
NYK,124,100.6683333,201903170NYK,1,0.658,0.206,0.333,0.382,222,-12,-100,223.5,WIN,PUSH,LOSS,BetOnline,3/17/2019
CHI,105,94.79767368,201904010NYK,0,0.468,0.054,0.24,0.245,222,-12,-100,223.5,WIN,PUSH,LOSS,BetOnline,4/1/2019
NYK,113,94.79767368,201904010NYK,1,0.622,0.158,0.158,0.338,222,-12,-100,223.5,WIN,PUSH,LOSS,BetOnline,4/1/2019
TOR,117,98.60257525,201903280NYK,0,0.562,0.075,0.13,0.247,222,-12,-100,223.5,WIN,PUSH,LOSS,BetOnline,3/28/2019
NYK,92,98.60257525,201903280NYK,1,0.4,0.139,0.269,0.376,222,-12,-100,223.5,WIN,PUSH,LOSS,BetOnline,3/28/2019
UTA,137,98.86705128,201903200NYK,0,0.682,0.094,0.179,0.294,222,-12,-100,223.5,WIN,PUSH,LOSS,BetOnline,3/20/2019
NYK,116,98.86705128,201903200NYK,1,0.599,0.128,0.195,0.244,222,-12,-100,223.5,WIN,PUSH,LOSS,BetOnline,3/20/2019
DET,115,93.51752041,201904100NYK,0,0.565,0.122,0.275,0.235,222,-12,-100,223.5,WIN,PUSH,LOSS,BetOnline,4/10/2019
NYK,89,93.51752041,201904100NYK,1,0.461,0.111,0.082,0.325,222,-12,-100,223.5,WIN,PUSH,LOSS,BetOnline,4/10/2019
PHI,126,105.0273766,201902130NYK,0,0.59,0.134,0.171,0.551,222,-12,-100,223.5,WIN,PUSH,LOSS,BetOnline,2/13/2019
NYK,111,105.0273766,201902130NYK,1,0.445,0.097,0.255,0.27,222,-12,-100,223.5,WIN,PUSH,LOSS,BetOnline,2/13/2019
SAS,118,98.44313725,201902240NYK,0,0.479,0.061,0.275,0.33,222,-12,-100,223.5,WIN,PUSH,LOSS,BetOnline,2/24/2019
NYK,130,98.44313725,201902240NYK,1,0.592,0.053,0.25,0.194,222,-12,-100,223.5,WIN,PUSH,LOSS,BetOnline,2/24/2019
DET,105,90.83184122,201902050NYK,0,0.544,0.091,0.162,0.304,222,-12,-100,223.5,WIN,PUSH,LOSS,BetOnline,2/5/2019
NYK,92,90.83184122,201902050NYK,1,0.45,0.102,0.271,0.167,222,-12,-100,223.5,WIN,PUSH,LOSS,BetOnline,2/5/2019
ORL,103,98.05326531,201902260NYK,0,0.5,0.141,0.245,0.225,222,-12,-100,223.5,WIN,PUSH,LOSS,BetOnline,2/26/2019
NYK,108,98.05326531,201902260NYK,1,0.466,0.088,0.286,0.36,222,-12,-100,223.5,WIN,PUSH,LOSS,BetOnline,2/26/2019
LAC,124,94.955,201903240NYK,0,0.529,0.073,0.279,0.43,222,-12,-100,223.5,WIN,PUSH,LOSS,BetOnline,3/24/2019
NYK,113,94.955,201903240NYK,1,0.529,0.126,0.302,0.291,222,-12,-100,223.5,WIN,PUSH,LOSS,BetOnline,3/24/2019
DEN,111,94.545884,201903220NYK,0,0.495,0.071,0.315,0.198,222,-12,-100,223.5,WIN,PUSH,LOSS,BetOnline,3/22/2019
NYK,93,94.545884,201903220NYK,1,0.428,0.066,0.151,0.233,222,-12,-100,223.5,WIN,PUSH,LOSS,BetOnline,3/22/2019
SAC,102,97.43891396,201903090NYK,0,0.442,0.063,0.196,0.232,222,-12,-100,223.5,WIN,PUSH,LOSS,BetOnline,3/9/2019
NYK,94,97.43891396,201903090NYK,1,0.426,0.08,0.236,0.223,222,-12,-100,223.5,WIN,PUSH,LOSS,BetOnline,3/9/2019
ORL,87,95.87026357,201811230DEN,0,0.456,0.13,0.093,0.241,222,-12,-100,223.5,WIN,PUSH,LOSS,BetOnline,11/23/2018
DEN,112,95.87026357,201811230DEN,1,0.522,0.099,0.267,0.183,222,-12,-100,223.5,WIN,PUSH,LOSS,BetOnline,11/23/2018
MIL,121,95.68503836,201811110DEN,0,0.673,0.118,0.147,0.155,222,-12,-100,223.5,WIN,PUSH,LOSS,BetOnline,11/11/2018
DEN,114,95.68503836,201811110DEN,1,0.562,0.093,0.217,0.225,222,-12,-100,223.5,WIN,PUSH,LOSS,BetOnline,11/11/2018
ATL,93,106.1882051,201811150DEN,0,0.397,0.155,0.25,0.293,222,-12,-100,223.5,WIN,PUSH,LOSS,BetOnline,11/15/2018
DEN,138,106.1882051,201811150DEN,1,0.633,0.125,0.282,0.266,222,-12,-100,223.5,WIN,PUSH,LOSS,BetOnline,11/15/2018
BRK,112,97.77245098,201811090DEN,0,0.477,0.07,0.235,0.477,222,-12,-100,223.5,WIN,PUSH,LOSS,BetOnline,11/9/2018
DEN,110,97.77245098,201811090DEN,1,0.489,0.105,0.333,0.391,222,-12,-100,223.5,WIN,PUSH,LOSS,BetOnline,11/9/2018
UTA,88,95.23347368,201811030DEN,0,0.444,0.116,0.2,0.296,222,-12,-100,223.5,WIN,PUSH,LOSS,BetOnline,11/3/2018
DEN,103,95.23347368,201811030DEN,1,0.548,0.157,0.211,0.229,222,-12,-100,223.5,WIN,PUSH,LOSS,BetOnline,11/3/2018
PHO,91,102.4455245,201810200DEN,0,0.448,0.171,0.182,0.455,222,-12,-100,223.5,WIN,PUSH,LOSS,BetOnline,10/20/2018
DEN,119,102.4455245,201810200DEN,1,0.559,0.155,0.231,0.341,222,-12,-100,223.5,WIN,PUSH,LOSS,BetOnline,10/20/2018
DAL,118,98.9139212,201812180DEN,0,0.552,0.075,0.146,0.349,222,-12,-100,223.5,WIN,PUSH,LOSS,BetOnline,12/18/2018
DEN,126,98.9139212,201812180DEN,1,0.622,0.133,0.308,0.2,222,-12,-100,223.5,WIN,PUSH,LOSS,BetOnline,12/18/2018
LAC,100,98.00253623,201901100DEN,0,0.471,0.109,0.174,0.299,222,-12,-100,223.5,WIN,PUSH,LOSS,BetOnline,1/10/2019
DEN,121,98.00253623,201901100DEN,1,0.561,0.079,0.333,0.131,222,-12,-100,223.5,WIN,PUSH,LOSS,BetOnline,1/10/2019
GSW,98,97.70233511,201810210DEN,0,0.5,0.167,0.15,0.304,222,-12,-100,223.5,WIN,PUSH,LOSS,BetOnline,10/21/2018
DEN,100,97.70233511,201810210DEN,1,0.442,0.071,0.277,0.488,222,-12,-100,223.5,WIN,PUSH,LOSS,BetOnline,10/21/2018
TOR,86,88.69566933,201812160DEN,0,0.438,0.105,0.277,0.159,222,-12,-100,223.5,WIN,PUSH,LOSS,BetOnline,12/16/2018
DEN,95,88.69566933,201812160DEN,1,0.482,0.08,0.208,0.188,222,-12,-100,223.5,WIN,PUSH,LOSS,BetOnline,12/16/2018
HOU,109,89.16357576,201811130DEN,0,0.641,0.145,0.2,0.366,222,-12,-100,223.5,WIN,PUSH,LOSS,BetOnline,11/13/2018
DEN,99,89.16357576,201811130DEN,1,0.572,0.162,0.212,0.211,222,-12,-100,223.5,WIN,PUSH,LOSS,BetOnline,11/13/2018
LAL,85,96.63130933,201811270DEN,0,0.42,0.112,0.154,0.207,222,-12,-100,223.5,WIN,PUSH,LOSS,BetOnline,11/27/2018
DEN,117,96.63130933,201811270DEN,1,0.531,0.096,0.34,0.155,222,-12,-100,223.5,WIN,PUSH,LOSS,BetOnline,11/27/2018
NOP,111,104.5166304,201810290DEN,0,0.591,0.195,0.179,0.244,222,-12,-100,223.5,WIN,PUSH,LOSS,BetOnline,10/29/2018
DEN,116,104.5166304,201810290DEN,1,0.511,0.112,0.196,0.247,222,-12,-100,223.5,WIN,PUSH,LOSS,BetOnline,10/29/2018
OKC,98,94.6929697,201812140DEN,0,0.45,0.112,0.345,0.322,222,-12,-100,223.5,WIN,PUSH,LOSS,BetOnline,12/14/2018
DEN,109,94.6929697,201812140DEN,1,0.572,0.182,0.333,0.181,222,-12,-100,223.5,WIN,PUSH,LOSS,BetOnline,12/14/2018
SAS,99,93.4710119,201812280DEN,0,0.494,0.093,0.25,0.225,222,-12,-100,223.5,WIN,PUSH,LOSS,BetOnline,12/28/2018
DEN,102,93.4710119,201812280DEN,1,0.518,0.178,0.381,0.2,222,-12,-100,223.5,WIN,PUSH,LOSS,BetOnline,12/28/2018
NYK,108,92.40750874,201901010DEN,0,0.511,0.073,0.288,0.194,222,-12,-100,223.5,WIN,PUSH,LOSS,BetOnline,1/1/2019
DEN,115,92.40750874,201901010DEN,1,0.526,0.071,0.364,0.242,222,-12,-100,223.5,WIN,PUSH,LOSS,BetOnline,1/1/2019
BOS,107,96.67870994,201811050DEN,0,0.557,0.115,0.179,0.138,222,-12,-100,223.5,WIN,PUSH,LOSS,BetOnline,11/5/2018
DEN,115,96.67870994,201811050DEN,1,0.528,0.113,0.313,0.311,222,-12,-100,223.5,WIN,PUSH,LOSS,BetOnline,11/5/2018
MEM,99,87.87246886,201812100DEN,0,0.561,0.147,0.171,0.23,222,-12,-100,223.5,WIN,PUSH,LOSS,BetOnline,12/10/2018
DEN,105,87.87246886,201812100DEN,1,0.565,0.13,0.282,0.299,222,-12,-100,223.5,WIN,PUSH,LOSS,BetOnline,12/10/2018
SAC,112,100.3489535,201810230DEN,0,0.599,0.144,0.209,0.233,222,-12,-100,223.5,WIN,PUSH,LOSS,BetOnline,10/23/2018
DEN,126,100.3489535,201810230DEN,1,0.571,0.102,0.333,0.152,222,-12,-100,223.5,WIN,PUSH,LOSS,BetOnline,10/23/2018
CHO,110,96.84711773,201901050DEN,0,0.543,0.154,0.293,0.317,222,-12,-100,223.5,WIN,PUSH,LOSS,BetOnline,1/5/2019
DEN,123,96.84711773,201901050DEN,1,0.529,0.059,0.327,0.196,222,-12,-100,223.5,WIN,PUSH,LOSS,BetOnline,1/5/2019
POR,113,95.43116484,201901130DEN,0,0.523,0.084,0.205,0.25,222,-12,-100,223.5,WIN,PUSH,LOSS,BetOnline,1/13/2019
DEN,116,95.43116484,201901130DEN,1,0.611,0.109,0.114,0.247,222,-12,-100,223.5,WIN,PUSH,LOSS,BetOnline,1/13/2019
OKC,112,106.7779581,201902260DEN,0,0.505,0.138,0.28,0.263,222,-12,-100,223.5,WIN,PUSH,LOSS,BetOnline,2/26/2019
DEN,121,106.7779581,201902260DEN,1,0.54,0.148,0.256,0.398,222,-12,-100,223.5,WIN,PUSH,LOSS,BetOnline,2/26/2019
HOU,122,89.21887232,201902010DEN,0,0.624,0.096,0.297,0.247,222,-12,-100,223.5,WIN,PUSH,LOSS,BetOnline,2/1/2019