Date,Location,Team,OppTeam,TeamId,GameId,PercentBet_ML,Open_Line_ML,Pinnacle_ML,5dimes_ML,Heritage_ML,Bovada_ML,Betonline_ML,Average_Line_ML,Best_Line_ML,Worst_Line_ML,PercentBet_Spread,Open_Line_Spread,Open_Odds_Spread,Pinnacle_Line_Spread,Pinnacle_Odds_Spread,5dimes_Line_Spread,5dimes_Odds_Spread,Heritage_Line_Spread,Heritage_Odds_Spread,Bovada_Line_Spread,Bovada_Odds_Spread,Betonline_Line_Spread,Betonline_Odds_Spread,Average_Line_Spread,Average_Odds_Spread,Best_Line_Spread,Worst_Line_Spread,Best_Odds_Spread,Worst_Odds_Spread,PercentBet_OU,Open_Line_OU,Open_Odds_OU,Pinnacle_Line_OU,Pinnacle_Odds_OU,5dimes_Line_OU,5dimes_Odds_OU,Heritage_Line_OU,Heritage_Odds_OU,Bovada_Line_OU,Bovada_Odds_OU,Betonline_Line_OU,Betonline_Odds_OU,Average_Line_OU,Average_Odds_OU,Best_Line_OU,Worst_Line_OU,Best_Odds_OU,Worst_Odds_OU,Pts,Spread,Result,Total
2019-04-13,away,Orlando,Toronto,1610612753,0041800111,41.2,317.0,406.0,420.0,405.0,375.0,410.0,403.2,420.0,375.0,46.9,8.0,-110.0,9.5,-101.0,9.5,-105.0,9.5,-105.0,9.5,-110.0,9.5,-119.0,9.25,-108.33,9.5,8.0,-101.0,-119.0,48.2,,,212.5,-106.0,212.5,-105.0,213.5,-105.0,213.0,-105.0,212.5,-110.0,212.8,-106.2,213.5,212.5,-105.0,-110.0,104,3,W,205
2019-04-13,home,Toronto,Orlando,1610612761,0041800111,58.8,-400.0,-477.0,-475.0,-530.0,-550.0,-505.0,-507.4,-475.0,-550.0,53.1,-8.0,-110.0,-9.5,-109.0,-9.5,-105.0,-9.5,-105.0,-9.5,-110.0,-9.5,-101.0,-9.25,-106.67,-8.0,-9.5,-101.0,-110.0,51.8,,,212.5,-104.0,212.5,-105.0,213.5,-105.0,213.0,-115.0,212.5,-110.0,212.8,-107.8,213.5,212.5,-104.0,-115.0,101,-3,L,205
2019-04-13,away,Brooklyn,Philadelphia,1610612751,0041800121,51.2,184.0,286.0,290.0,280.0,280.0,285.0,284.2,290.0,280.0,57.6,7.5,-110.0,7.5,-101.0,8.0,-109.0,8.0,-105.0,7.5,-110.0,7.5,-100.0,7.67,-105.83,8.0,7.5,-100.0,-110.0,55.1,232.0,-110.0,227.5,-105.0,228.0,-101.0,228.0,-105.0,228.0,-105.0,228.0,-110.0,228.58,-106.0,232.0,227.5,-101.0,-110.0,111,9,W,213
2019-04-13,home,Philadelphia,Brooklyn,1610612755,0041800121,48.8,-220.0,-326.0,-320.0,-350.0,-360.0,-340.0,-339.2,-320.0,-360.0,42.4,-7.5,-110.0,-7.5,-109.0,-8.0,-101.0,-8.0,-105.0,-7.5,-110.0,-7.5,-120.0,-7.67,-109.17,-7.5,-8.0,-101.0,-120.0,44.9,232.0,-110.0,227.5,-105.0,228.0,-109.0,228.0,-105.0,228.0,-115.0,228.0,-110.0,228.58,-109.0,232.0,227.5,-105.0,-115.0,102,-9,L,213
2019-04-13,away,L.A. Clippers,Golden State,1610612746,0041800141,48.5,797.0,874.0,950.0,920.0,750.0,900.0,878.8,950.0,750.0,43.7,11.5,-105.0,13.5,-100.0,13.5,-105.0,14.0,-105.0,14.0,-115.0,13.5,-105.0,13.33,-105.83,14.0,11.5,-100.0,-115.0,55.7,230.5,-110.0,233.5,-105.0,233.5,-102.0,234.0,-105.0,234.0,-110.0,233.5,-110.0,233.17,-107.0,234.0,230.5,-102.0,-110.0,104,-17,L,225
2019-04-13,home,Golden State,L.A. Clippers,1610612744,0041800141,51.5,-1300.0,-1177.0,-1150.0,-1320.0,-1400.0,-1350.0,-1279.4,-1150.0,-1400.0,56.3,-11.5,-115.0,-13.5,-110.0,-13.5,-105.0,-14.0,-105.0,-14.0,-105.0,-13.5,-115.0,-13.33,-109.17,-11.5,-14.0,-105.0,-115.0,44.3,230.5,-110.0,233.5,-105.0,233.5,-108.0,234.0,-105.0,234.0,-110.0,233.5,-110.0,233.17,-108.0,234.0,230.5,-105.0,-110.0,121,17,W,225
2019-04-13,away,San Antonio,Denver,1610612759,0041800151,49.1,184.0,211.0,215.0,215.0,220.0,210.0,214.2,220.0,210.0,46.7,5.0,-110.0,5.5,-103.0,5.5,-105.0,5.5,-105.0,6.0,-115.0,5.5,-108.0,5.5,-107.67,6.0,5.0,-103.0,-115.0,52.0,211.5,-110.0,210.5,-104.0,210.5,-105.0,211.0,-105.0,211.0,-110.0,210.5,-110.0,210.83,-107.33,211.5,210.5,-104.0,-110.0,101,5,W,197
2019-04-13,home,Denver,San Antonio,1610612743,0041800151,50.9,-220.0,-236.0,-235.0,-265.0,-270.0,-250.0,-251.2,-235.0,-270.0,53.3,-5.0,-110.0,-5.5,-107.0,-5.5,-105.0,-5.5,-105.0,-6.0,-105.0,-5.5,-112.0,-5.5,-107.33,-5.0,-6.0,-105.0,-112.0,48.0,211.5,-110.0,210.5,-106.0,210.5,-105.0,211.0,-105.0,211.0,-110.0,210.5,-110.0,210.83,-107.67,211.5,210.5,-105.0,-110.0,96,-5,L,197
2019-04-14,away,Detroit,Milwaukee,1610612765,0041800101,49.2,755.0,1037.0,1100.0,1070.0,900.0,975.0,1016.4,1100.0,900.0,43.0,12.0,-105.0,14.5,-102.0,15.0,-102.0,15.0,-105.0,15.0,-110.0,15.0,-115.0,14.42,-106.5,15.0,12.0,-102.0,-115.0,50.2,219.5,-110.0,215.5,-103.0,215.0,-105.0,215.5,-105.0,215.5,-110.0,215.5,-104.0,216.08,-106.17,219.5,215.0,-103.0,-110.0,86,-35,L,207
2019-04-14,home,Milwaukee,Detroit,1610612749,0041800101,50.8,-1200.0,-1473.0,-1400.0,-1620.0,-1900.0,-1500.0,-1578.6,-1400.0,-1900.0,57.0,-12.0,-115.0,-14.5,-113.0,-15.0,-108.0,-15.0,-105.0,-15.0,-110.0,-15.0,-105.0,-14.42,-109.33,-12.0,-15.0,-105.0,-115.0,49.8,219.5,-110.0,215.5,-107.0,215.0,-105.0,215.5,-105.0,215.5,-110.0,215.5,-116.0,216.08,-108.83,219.5,215.0,-105.0,-116.0,121,35,W,207
2019-04-14,away,Indiana,Boston,1610612754,0041800131,39.0,252.0,301.0,295.0,295.0,280.0,300.0,294.2,301.0,280.0,47.2,7.0,-110.0,7.5,-102.0,7.5,-105.0,8.0,-105.0,8.0,-110.0,7.5,-105.0,7.58,-106.17,8.0,7.0,-102.0,-110.0,51.8,209.5,-110.0,210.5,-100.0,210.5,-102.0,210.0,-105.0,211.0,-110.0,210.5,-105.0,210.33,-105.33,211.0,209.5,-100.0,-110.0,74,-10,L,158
2019-04-14,home,Boston,Indiana,1610612738,0041800131,61.0,-310.0,-345.0,-325.0,-365.0,-360.0,-360.0,-351.0,-325.0,-365.0,52.8,-7.0,-110.0,-7.5,-113.0,-7.5,-105.0,-8.0,-105.0,-8.0,-110.0,-7.5,-115.0,-7.58,-109.67,-7.0,-8.0,-105.0,-115.0,48.2,209.5,-110.0,210.5,-110.0,210.5,-108.0,210.0,-105.0,211.0,-110.0,210.5,-115.0,210.33,-109.67,211.0,209.5,-105.0,-115.0,84,10,W,158
2019-04-14,away,Oklahoma City,Portland,1610612760,0041800161,65.8,130.0,140.0,140.0,130.0,120.0,129.0,131.8,140.0,120.0,57.7,4.0,-110.0,3.0,-105.0,3.0,-101.0,3.5,-105.0,3.0,-115.0,3.0,-107.0,3.25,-107.17,4.0,3.0,-101.0,-115.0,57.7,224.0,-110.0,223.5,-102.0,223.5,-107.0,225.0,-105.0,225.0,-110.0,224.0,-110.0,224.17,-107.33,225.0,223.5,-102.0,-110.0,99,-5,L,203
2019-04-14,home,Portland,Oklahoma City,1610612757,0041800161,34.2,-150.0,-155.0,-150.0,-150.0,-140.0,-149.0,-148.8,-140.0,-155.0,42.3,-4.0,-110.0,-3.0,-116.0,-3.0,-109.0,-3.5,-105.0,-3.0,-105.0,-3.0,-113.0,-3.25,-109.67,-3.0,-4.0,-105.0,-116.0,42.3,224.0,-110.0,223.5,-113.0,223.5,-103.0,225.0,-105.0,225.0,-110.0,224.0,-110.0,224.17,-108.5,225.0,223.5,-103.0,-113.0,104,5,W,203
2019-04-14,away,Utah,Houston,1610612762,0041800171,44.8,207.0,232.0,235.0,230.0,240.0,225.0,232.4,240.0,225.0,47.4,5.5,-110.0,6.5,-108.0,6.5,-109.0,6.5,-105.0,7.0,-115.0,6.5,-117.0,6.42,-110.67,7.0,5.5,-105.0,-117.0,48.4,219.0,-110.0,212.5,-105.0,212.5,-105.0,213.0,-105.0,213.5,-105.0,212.5,-114.0,213.83,-107.33,219.0,212.5,-105.0,-114.0,90,-32,L,212
2019-04-14,home,Houston,Utah,1610612745,0041800171,55.2,-250.0,-261.0,-255.0,-280.0,-290.0,-265.0,-270.2,-255.0,-290.0,52.6,-5.5,-110.0,-6.5,-102.0,-6.5,-101.0,-6.5,-105.0,-7.0,-105.0,-6.5,-103.0,-6.42,-104.33,-5.5,-7.0,-101.0,-110.0,51.6,219.0,-110.0,212.5,-105.0,212.5,-105.0,213.0,-105.0,213.5,-115.0,212.5,-106.0,213.83,-107.67,219.0,212.5,-105.0,-115.0,122,32,W,212
2019-04-15,away,Brooklyn,Philadelphia,1610612751,0041800122,48.9,263.0,338.0,340.0,340.0,325.0,330.0,334.6,340.0,325.0,52.4,7.5,-110.0,8.5,-102.0,8.5,-102.0,8.5,-105.0,8.5,-105.0,8.5,-110.0,8.33,-105.67,8.5,7.5,-102.0,-110.0,48.8,226.0,-110.0,224.0,-101.0,224.5,-102.0,224.0,-105.0,224.5,-110.0,224.0,-110.0,224.5,-106.33,226.0,224.0,-101.0,-110.0,123,-22,L,268
2019-04-15,home,Philadelphia,Brooklyn,1610612755,0041800122,51.1,-325.0,-390.0,-380.0,-430.0,-450.0,-400.0,-410.0,-380.0,-450.0,47.6,-7.5,-110.0,-8.5,-108.0,-8.5,-108.0,-8.5,-105.0,-8.5,-115.0,-8.5,-110.0,-8.33,-109.33,-7.5,-8.5,-105.0,-115.0,51.2,226.0,-110.0,224.0,-109.0,224.5,-108.0,224.0,-105.0,224.5,-110.0,224.0,-110.0,224.5,-108.67,226.0,224.0,-105.0,-110.0,145,22,W,268
2019-04-15,away,L.A. Clippers,Golden State,1610612746,0041800142,50.6,1041.0,1041.0,1050.0,1010.0,775.0,,969.0,1050.0,775.0,49.0,14.5,-110.0,13.5,-104.0,13.5,-105.0,14.0,-105.0,14.0,-105.0,13.5,-110.0,13.83,-106.5,14.5,13.5,-104.0,-110.0,53.3,230.5,-110.0,234.0,-110.0,234.0,-105.0,,,234.0,-110.0,,,233.12,-108.75,234.0,230.5,-105.0,-110.0,135,4,W,266
2019-04-15,home,Golden State,L.A. Clippers,1610612744,0041800142,49.4,-2000.0,-1481.0,-1300.0,-1460.0,-1500.0,,-1435.25,-1300.0,-1500.0,51.0,-14.5,-110.0,-13.5,-106.0,-13.5,-105.0,-14.0,-105.0,-14.0,-115.0,-13.5,-110.0,-13.83,-108.5,-13.5,-14.5,-105.0,-115.0,46.7,230.5,-110.0,234.0,-100.0,234.0,-105.0,,,234.0,-110.0,,,233.12,-106.25,234.0,230.5,-100.0,-110.0,131,-4,L,266
2019-04-16,away,Orlando,Toronto,1610612753,0041800112,48.3,410.0,555.0,538.0,562.0,450.0,530.0,527.0,562.0,450.0,45.8,8.5,-105.0,11.0,-104.0,10.5,-109.0,11.0,-105.0,11.0,-105.0,11.0,-113.0,10.5,-106.83,11.0,8.5,-104.0,-113.0,64.2,210.5,-110.0,212.5,-103.0,212.5,-105.0,213.0,-105.0,213.0,-105.0,212.5,-112.0,212.33,-106.67,213.0,210.5,-103.0,-112.0,82,-29,L,193
2019-04-16,home,Toronto,Orlando,1610612761,0041800112,51.7,-540.0,-680.0,-655.0,-737.0,-700.0,-680.0,-690.4,-655.0,-737.0,54.2,-8.5,-115.0,-11.0,-106.0,-10.5,-101.0,-11.0,-105.0,-11.0,-115.0,-11.0,-107.0,-10.5,-108.17,-8.5,-11.0,-101.0,-115.0,35.8,210.5,-110.0,212.5,-107.0,212.5,-105.0,213.0,-105.0,213.0,-115.0,212.5,-108.0,212.33,-108.33,213.0,210.5,-105.0,-115.0,111,29,W,193
2019-04-16,away,San Antonio,Denver,1610612759,0041800152,50.3,195.0,252.0,250.0,242.0,,250.0,248.5,252.0,242.0,50.0,5.5,-105.0,7.0,-102.0,6.5,-108.0,7.5,-105.0,7.0,-105.0,7.0,-105.0,6.75,-105.0,7.5,5.5,-102.0,-108.0,94.4,208.5,-110.0,210.0,-108.0,210.0,-108.0,211.0,-105.0,210.5,-115.0,210.5,-110.0,210.08,-109.33,211.0,208.5,-105.0,-115.0,105,-9,L,219
2019-04-16,home,Denver,San Antonio,1610612743,0041800152,49.7,-235.0,-285.0,-275.0,-302.0,,-300.0,-290.5,-275.0,-302.0,50.0,-5.5,-115.0,-7.0,-108.0,-6.5,-102.0,-7.5,-105.0,-7.0,-115.0,-7.0,-115.0,-6.75,-110.0,-5.5,-7.5,-102.0,-115.0,5.6,208.5,-110.0,210.0,-102.0,210.0,-102.0,211.0,-105.0,210.5,-105.0,210.5,-110.0,210.08,-105.67,211.0,208.5,-102.0,-110.0,114,9,W,219
2019-04-16,away,Oklahoma City,Portland,1610612760,0041800162,65.0,120.0,-102.0,107.0,-110.0,-105.0,-109.0,-63.8,107.0,-110.0,61.7,3.0,-115.0,1.0,-107.0,1.5,-109.0,1.0,-110.0,1.0,-115.0,0.0,-105.0,1.25,-110.17,3.0,0.0,-105.0,-115.0,66.4,218.0,-110.0,224.5,-104.0,224.5,-105.0,225.0,-105.0,225.0,-110.0,224.5,-110.0,223.58,-107.33,225.0,218.0,-104.0,-110.0,94,-20,L,208
2019-04-16,home,Portland,Oklahoma City,1610612757,0041800162,35.0,-140.0,-108.0,-117.0,-110.0,-115.0,-111.0,-112.2,-108.0,-117.0,38.3,-3.0,-105.0,-1.0,-103.0,-1.5,-101.0,-1.0,-100.0,-1.0,-105.0,0.0,-115.0,-1.25,-104.83,0.0,-3.0,-100.0,-115.0,33.6,218.0,-110.0,224.5,-106.0,224.5,-105.0,225.0,-105.0,225.0,-110.0,224.5,-110.0,223.58,-107.67,225.0,218.0,-105.0,-110.0,114,20,W,208
2019-04-17,away,Detroit,Milwaukee,1610612765,0041800102,55.8,1221.0,1464.0,1150.0,1225.0,950.0,1175.0,1192.8,1464.0,950.0,46.6,14.5,-110.0,15.5,-103.0,15.0,-105.0,15.5,-105.0,16.0,-110.0,15.5,-107.0,15.33,-106.67,16.0,14.5,-103.0,-110.0,59.4,210.5,-110.0,215.5,-102.0,215.0,-107.0,215.5,-105.0,215.5,-105.0,215.5,-107.0,214.58,-106.0,215.5,210.5,-102.0,-110.0,99,-21,L,219
2019-04-17,home,Milwaukee,Detroit,1610612749,0041800102,44.2,-2700.0,-2429.0,-1450.0,-1875.0,-2000.0,-2000.0,-1950.8,-1450.0,-2429.0,53.4,-14.5,-110.0,-15.5,-107.0,-15.0,-105.0,-15.5,-105.0,-16.0,-110.0,-15.5,-113.0,-15.33,-108.33,-14.5,-16.0,-105.0,-113.0,40.6,210.5,-110.0,215.5,-113.0,215.0,-103.0,215.5,-105.0,215.5,-115.0,215.5,-113.0,214.58,-109.83,215.5,210.5,-103.0,-115.0,120,21,W,219
2019-04-17,away,Indiana,Boston,1610612754,0041800132,41.7,271.0,257.0,260.0,270.0,260.0,255.0,260.4,270.0,255.0,48.4,7.5,-110.0,7.5,-108.0,7.0,-101.0,7.5,-105.0,8.0,-115.0,7.5,-110.0,7.5,-108.17,8.0,7.0,-101.0,-115.0,55.7,204.0,-110.0,206.5,-102.0,206.5,-105.0,207.0,-105.0,207.0,-110.0,206.5,-112.0,206.25,-107.33,207.0,204.0,-102.0,-112.0,91,-8,L,190
2019-04-17,home,Boston,Indiana,1610612738,0041800132,58.3,-335.0,-291.0,-290.0,-330.0,-320.0,-305.0,-307.2,-290.0,-330.0,51.6,-7.5,-110.0,-7.5,-102.0,-7.0,-109.0,-7.5,-105.0,-8.0,-105.0,-7.5,-110.0,-7.5,-106.83,-7.0,-8.0,-102.0,-110.0,44.3,204.0,-110.0,206.5,-108.0,206.5,-105.0,207.0,-105.0,207.0,-110.0,206.5,-108.0,206.25,-107.67,207.0,204.0,-105.0,-110.0,99,8,W,190
2019-04-17,away,Utah,Houston,1610612762,0041800172,44.5,222.0,246.0,,245.0,255.0,240.0,246.5,255.0,240.0,49.3,6.5,-110.0,7.0,-104.0,6.5,-109.0,6.5,-105.0,7.0,-110.0,7.0,-110.0,6.75,-108.0,7.0,6.5,-104.0,-110.0,59.6,212.5,-110.0,216.0,-106.0,216.0,-105.0,216.0,-105.0,216.5,-110.0,216.0,-110.0,215.5,-107.67,216.5,212.5,-105.0,-110.0,98,-20,L,216
2019-04-17,home,Houston,Utah,1610612745,0041800172,55.5,-270.0,-278.0,,-305.0,-310.0,-285.0,-294.5,-278.0,-310.0,50.7,-6.5,-110.0,-7.0,-106.0,-6.5,-101.0,-6.5,-105.0,-7.0,-110.0,-7.0,-110.0,-6.75,-107.0,-6.5,-7.0,-101.0,-110.0,40.4,212.5,-110.0,216.0,-104.0,216.0,-105.0,216.0,-105.0,216.5,-110.0,216.0,-110.0,215.5,-107.33,216.5,212.5,-104.0,-110.0,118,20,W,216
2019-04-18,away,Philadelphia,Brooklyn,1610612755,0041800123,41.8,-145.0,-108.0,-112.0,-120.0,-115.0,-108.0,-112.6,-108.0,-120.0,45.8,-2.5,-115.0,-1.0,-102.0,-1.0,-103.0,-1.0,-105.0,-1.5,-105.0,-1.0,-105.0,-1.33,-105.83,-1.0,-2.5,-102.0,-115.0,54.4,227.0,-110.0,229.0,-106.0,229.0,-105.0,229.5,-105.0,229.0,-110.0,229.5,-115.0,228.83,-108.5,229.5,227.0,-105.0,-115.0,131,16,W,246
2019-04-18,home,Brooklyn,Philadelphia,1610612751,0041800123,58.2,125.0,-102.0,102.0,100.0,-105.0,-112.0,-23.4,102.0,-112.0,54.2,2.5,-105.0,1.0,-108.0,1.0,-107.0,1.0,-105.0,1.5,-115.0,1.0,-115.0,1.33,-109.17,2.5,1.0,-105.0,-115.0,45.6,227.0,-110.0,229.0,-104.0,229.0,-105.0,229.5,-105.0,229.0,-110.0,229.5,-105.0,228.83,-106.5,229.5,227.0,-104.0,-110.0,115,-16,L,246
2019-04-18,away,Golden State,L.A. Clippers,1610612744,0041800143,54.6,-340.0,-452.0,-460.0,-535.0,-550.0,-460.0,-491.4,-452.0,-550.0,62.7,-7.0,-110.0,-9.0,-106.0,-9.5,-101.0,-9.5,-105.0,-9.5,-115.0,-9.0,-115.0,-8.92,-108.67,-7.0,-9.5,-101.0,-115.0,48.0,237.0,-110.0,234.0,-105.0,234.5,-105.0,234.0,-105.0,234.0,-115.0,234.0,-110.0,234.58,-108.33,237.0,234.0,-105.0,-115.0,132,27,W,237
2019-04-18,home,L.A. Clippers,Golden State,1610612746,0041800143,45.4,274.0,387.0,410.0,410.0,375.0,385.0,393.4,410.0,375.0,37.3,7.0,-110.0,9.0,-104.0,9.5,-109.0,9.5,-105.0,9.5,-105.0,9.0,-105.0,8.92,-106.33,9.5,7.0,-104.0,-110.0,52.0,237.0,-110.0,234.0,-105.0,234.5,-105.0,234.0,-105.0,234.0,-105.0,234.0,-110.0,234.58,-106.67,237.0,234.0,-105.0,-110.0,105,-27,L,237
2019-04-18,away,Denver,San Antonio,1610612743,0041800153,46.6,110.0,164.0,165.0,160.0,170.0,162.0,164.2,170.0,160.0,39.0,2.0,-110.0,4.5,-109.0,4.5,-108.0,4.5,-105.0,5.0,-115.0,4.5,-114.0,4.17,-110.17,5.0,2.0,-105.0,-115.0,39.2,212.0,-110.0,208.0,-105.0,208.0,-105.0,207.5,-105.0,208.0,-115.0,207.5,-110.0,208.5,-108.33,212.0,207.5,-105.0,-115.0,108,-10,L,226
2019-04-18,home,San Antonio,Denver,1610612759,0041800153,53.4,-130.0,-182.0,-175.0,-185.0,-200.0,-182.0,-184.8,-175.0,-200.0,61.0,-2.0,-110.0,-4.5,-101.0,-4.5,-102.0,-4.5,-105.0,-5.0,-105.0,-4.5,-106.0,-4.17,-104.83,-2.0,-5.0,-101.0,-110.0,60.8,212.0,-110.0,208.0,-105.0,208.0,-105.0,207.5,-105.0,208.0,-105.0,207.5,-110.0,208.5,-106.67,212.0,207.5,-105.0,-110.0,118,10,W,226
2019-04-19,away,Toronto,Orlando,1610612761,0041800113,59.2,-170.0,-226.0,-220.0,-230.0,-250.0,-228.0,-230.8,-220.0,-250.0,60.5,-4.0,-110.0,-5.5,-105.0,-5.5,-101.0,-5.5,-105.0,-6.0,-115.0,-5.5,-113.0,-5.33,-108.17,-4.0,-6.0,-101.0,-115.0,57.0,210.0,-110.0,211.0,-108.0,211.0,-108.0,211.5,-105.0,211.0,-110.0,211.0,-115.0,210.92,-109.33,211.5,210.0,-105.0,-115.0,98,5,W,191
2019-04-19,home,Orlando,Toronto,1610612753,0041800113,40.8,148.0,202.0,200.0,195.0,210.0,198.0,201.0,210.0,195.0,39.5,4.0,-110.0,5.5,-105.0,5.5,-109.0,5.5,-105.0,6.0,-105.0,5.5,-107.0,5.33,-106.83,6.0,4.0,-105.0,-110.0,43.0,210.0,-110.0,211.0,-102.0,211.0,-102.0,211.5,-105.0,211.0,-110.0,211.0,-105.0,210.92,-105.67,211.5,210.0,-102.0,-110.0,93,-5,L,191
2019-04-19,away,Boston,Indiana,1610612738,0041800133,62.8,120.0,122.0,128.0,115.0,105.0,114.0,116.8,128.0,105.0,52.9,2.0,-105.0,2.5,-106.0,2.5,-105.0,2.5,-105.0,2.0,-105.0,2.5,-115.0,2.33,-106.83,2.5,2.0,-105.0,-115.0,53.4,,,204.5,-102.0,204.5,-105.0,204.5,-105.0,205.5,-110.0,205.0,-105.0,204.8,-105.4,205.5,204.5,-102.0,-110.0,104,8,W,200
2019-04-19,home,Indiana,Boston,1610612754,0041800133,37.2,-140.0,-135.0,-138.0,-135.0,-125.0,-134.0,-133.4,-125.0,-138.0,47.1,-2.0,-126.0,-2.5,-104.0,-2.5,-105.0,-2.5,-105.0,-2.0,-115.0,-2.5,-105.0,-2.33,-110.0,-2.0,-2.5,-104.0,-126.0,46.6,,,204.5,-108.0,204.5,-105.0,204.5,-105.0,205.5,-110.0,205.0,-115.0,204.8,-108.6,205.5,204.5,-105.0,-115.0,96,-8,L,200
2019-04-19,away,Portland,Oklahoma City,1610612757,0041800163,58.7,245.0,264.0,285.0,270.0,255.0,,268.5,285.0,255.0,52.4,7.0,-110.0,7.5,-108.0,7.5,-104.0,7.5,-105.0,7.0,-105.0,7.0,-105.0,7.25,-106.17,7.5,7.0,-104.0,-110.0,59.3,221.5,-110.0,,,221.0,-105.0,221.5,-105.0,222.0,-110.0,221.0,-115.0,221.4,-109.0,222.0,221.0,-105.0,-115.0,108,-12,L,228
2019-04-19,home,Oklahoma City,Portland,1610612760,0041800163,41.3,-300.0,-300.0,-315.0,-340.0,-310.0,,-316.25,-300.0,-340.0,47.6,-7.0,-110.0,-7.5,-102.0,-7.5,-106.0,-7.5,-105.0,-7.0,-115.0,-7.0,-115.0,-7.25,-108.83,-7.0,-7.5,-102.0,-115.0,40.7,221.5,-110.0,,,221.0,-105.0,221.5,-105.0,222.0,-110.0,221.0,-105.0,221.4,-107.0,222.0,221.0,-105.0,-110.0,120,12,W,228
2019-04-20,away,Milwaukee,Detroit,1610612749,0041800103,52.1,-340.0,-432.0,-430.0,-500.0,-550.0,-455.0,-473.4,-430.0,-550.0,63.6,-8.0,-110.0,-9.5,-101.0,-9.0,-102.0,-9.5,-105.0,-10.0,-110.0,-9.0,-117.0,-9.17,-107.5,-8.0,-10.0,-101.0,-117.0,58.5,217.0,-110.0,217.5,-102.0,217.0,-106.0,217.0,-105.0,217.5,-110.0,217.5,-105.0,217.25,-106.33,217.5,217.0,-102.0,-110.0,119,16,W,222
2019-04-20,home,Detroit,Milwaukee,1610612765,0041800103,47.9,274.0,371.0,380.0,375.0,375.0,380.0,376.2,380.0,371.0,36.4,8.0,-110.0,9.5,-111.0,9.0,-108.0,9.5,-105.0,10.0,-110.0,9.0,-103.0,9.17,-107.83,10.0,8.0,-103.0,-111.0,41.5,217.0,-110.0,217.5,-108.0,217.0,-104.0,217.0,-105.0,217.5,-110.0,217.5,-115.0,217.25,-108.67,217.5,217.0,-104.0,-115.0,103,-16,L,222
2019-04-20,away,Philadelphia,Brooklyn,1610612755,0041800124,54.4,-140.0,-152.0,-158.0,-160.0,-160.0,-155.0,-157.0,-152.0,-160.0,51.6,-2.0,-110.0,-3.5,-102.0,-3.0,-109.0,-3.0,-105.0,-3.5,-110.0,-3.0,-114.0,-3.0,-108.33,-2.0,-3.5,-102.0,-114.0,57.0,233.0,-110.0,231.0,-104.0,231.0,-102.0,231.0,-105.0,231.5,-110.0,231.0,-110.0,231.42,-106.83,233.0,231.0,-102.0,-110.0,112,4,W,220
2019-04-20,home,Brooklyn,Philadelphia,1610612751,0041800124,45.6,120.0,137.0,148.0,140.0,140.0,135.0,140.0,148.0,135.0,48.4,2.0,-110.0,3.5,-113.0,3.0,-101.0,3.0,-105.0,3.5,-110.0,3.0,-106.0,3.0,-107.5,3.5,2.0,-101.0,-113.0,43.0,233.0,-110.0,231.0,-106.0,231.0,-108.0,231.0,-105.0,231.5,-110.0,231.0,-110.0,231.42,-108.17,233.0,231.0,-105.0,-110.0,108,-4,L,220
2019-04-20,away,Denver,San Antonio,1610612743,0041800154,52.1,140.0,149.0,153.0,145.0,140.0,145.0,146.4,153.0,140.0,44.6,3.5,-110.0,3.5,-101.0,3.5,-102.0,3.5,-105.0,4.0,-110.0,3.5,-101.0,3.58,-104.83,4.0,3.5,-101.0,-110.0,50.0,,,209.0,-106.0,209.0,-105.0,209.5,-105.0,209.5,-110.0,209.0,-110.0,209.2,-107.2,209.5,209.0,-105.0,-110.0,117,14,W,220
2019-04-20,home,San Antonio,Denver,1610612759,0041800154,47.9,-160.0,-165.0,-163.0,-165.0,-160.0,-165.0,-163.6,-160.0,-165.0,55.4,-3.5,-110.0,-3.5,-111.0,-3.5,-108.0,-3.5,-105.0,-4.0,-110.0,-3.5,-121.0,-3.58,-110.83,-3.5,-4.0,-105.0,-121.0,50.0,,,209.0,-104.0,209.0,-105.0,209.5,-105.0,209.5,-110.0,209.0,-110.0,209.2,-106.8,209.5,209.0,-104.0,-110.0,103,-14,L,220
2019-04-20,away,Houston,Utah,1610612745,0041800173,62.6,130.0,116.0,110.0,105.0,-105.0,104.0,66.0,116.0,-105.0,61.2,2.5,-105.0,2.0,-100.0,2.0,-109.0,2.0,-105.0,1.5,-110.0,2.0,-112.0,2.0,-106.83,2.5,1.5,-100.0,-112.0,57.0,216.0,-110.0,215.0,-106.0,215.5,-105.0,215.5,-105.0,216.0,-115.0,215.0,-110.0,215.5,-108.5,216.0,215.0,-105.0,-115.0,104,3,W,205
2019-04-20,home,Utah,Houston,1610612762,0041800173,37.4,-150.0,-128.0,-120.0,-125.0,-115.0,-124.0,-122.4,-115.0,-128.0,38.8,-2.5,-115.0,-2.0,-110.0,-2.0,-101.0,-2.0,-105.0,-1.5,-110.0,-2.0,-108.0,-2.0,-108.17,-1.5,-2.5,-101.0,-115.0,43.0,216.0,-110.0,215.0,-104.0,215.5,-105.0,215.5,-105.0,216.0,-105.0,215.0,-110.0,215.5,-106.5,216.0,215.0,-104.0,-110.0,101,-3,L,205
2019-04-21,away,Toronto,Orlando,1610612761,0041800114,52.7,-215.0,-219.0,-210.0,-230.0,-245.0,-240.0,-228.8,-210.0,-245.0,56.0,-5.0,-115.0,-5.5,-109.0,-5.0,-101.0,-5.5,-105.0,-6.0,-115.0,-5.5,-110.0,-5.42,-109.17,-5.0,-6.0,-101.0,-115.0,44.0,207.0,-110.0,206.0,-104.0,206.0,-105.0,207.0,-105.0,207.0,-105.0,206.0,-110.0,206.5,-106.5,207.0,206.0,-104.0,-110.0,107,22,W,192
2019-04-21,home,Orlando,Toronto,1610612753,0041800114,47.3,180.0,196.0,190.0,195.0,205.0,200.0,197.2,205.0,190.0,44.0,5.0,-105.0,5.5,-101.0,5.0,-109.0,5.5,-105.0,6.0,-105.0,5.5,-110.0,5.42,-105.83,6.0,5.0,-101.0,-110.0,56.0,207.0,-110.0,206.0,-106.0,206.0,-105.0,207.0,-105.0,207.0,-115.0,206.0,-110.0,206.5,-108.5,207.0,206.0,-105.0,-115.0,85,-22,L,192
2019-04-21,away,Boston,Indiana,1610612738,0041800134,60.2,-115.0,-158.0,,-165.0,-175.0,-165.0,-165.75,-158.0,-175.0,63.8,-1.0,-110.0,-3.5,-107.0,-3.0,-110.0,-4.0,-105.0,-4.0,-115.0,-3.5,-113.0,-3.17,-110.0,-1.0,-4.0,-105.0,-115.0,58.4,203.0,-110.0,204.5,-102.0,204.5,-103.0,204.0,-105.0,204.5,-115.0,204.5,-110.0,204.17,-107.5,204.5,203.0,-102.0,-115.0,110,4,W,216
2019-04-21,home,Indiana,Boston,1610612754,0041800134,39.8,-105.0,143.0,,145.0,155.0,145.0,147.0,155.0,143.0,36.2,1.0,-110.0,3.5,-103.0,3.0,-100.0,4.0,-105.0,4.0,-105.0,3.5,-107.0,3.17,-105.0,4.0,1.0,-100.0,-110.0,41.6,203.0,-110.0,204.5,-108.0,204.5,-107.0,204.0,-105.0,204.5,-105.0,204.5,-110.0,204.17,-107.5,204.5,203.0,-105.0,-110.0,106,-4,L,216
2019-04-21,away,Golden State,L.A. Clippers,1610612744,0041800144,56.9,-450.0,-484.0,-450.0,-540.0,-600.0,-500.0,-514.8,-450.0,-600.0,64.0,-9.0,-105.0,-9.5,-106.0,-9.5,-103.0,-10.0,-105.0,-10.5,-110.0,-9.5,-114.0,-9.67,-107.17,-9.0,-10.5,-103.0,-114.0,56.0,235.0,-110.0,236.0,-113.0,236.0,-105.0,237.0,-105.0,236.5,-110.0,236.0,-115.0,236.08,-109.67,237.0,235.0,-105.0,-115.0,113,8,W,218
2019-04-21,home,L.A. Clippers,Golden State,1610612746,0041800144,43.1,351.0,411.0,400.0,415.0,400.0,405.0,406.2,415.0,400.0,36.0,9.0,-115.0,9.5,-104.0,9.5,-107.0,10.0,-105.0,10.5,-110.0,9.5,-106.0,9.67,-107.83,10.5,9.0,-104.0,-115.0,44.0,235.0,-110.0,236.0,-102.0,236.0,-105.0,237.0,-105.0,236.5,-110.0,236.0,-105.0,236.08,-106.17,237.0,235.0,-102.0,-110.0,105,-8,L,218
2019-04-21,away,Portland,Oklahoma City,1610612757,0041800164,58.3,199.0,192.0,195.0,185.0,,187.0,189.75,195.0,185.0,55.7,6.0,-115.0,5.5,-110.0,,,5.0,-105.0,5.0,-105.0,5.0,-108.0,5.3,-108.6,6.0,5.0,-105.0,-115.0,42.2,223.5,-110.0,222.0,-102.0,222.0,-105.0,222.0,-105.0,221.5,-115.0,222.0,-110.0,222.17,-107.83,223.5,221.5,-102.0,-115.0,111,13,W,209
2019-04-21,home,Oklahoma City,Portland,1610612760,0041800164,41.7,-240.0,-214.0,-215.0,-215.0,,-217.0,-215.25,-214.0,-217.0,44.3,-6.0,-105.0,-5.5,-100.0,,,-5.0,-105.0,-5.0,-115.0,-5.0,-112.0,-5.3,-107.4,-5.0,-6.0,-100.0,-115.0,57.8,223.5,-110.0,222.0,-108.0,222.0,-105.0,222.0,-105.0,221.5,-105.0,222.0,-110.0,222.17,-107.17,223.5,221.5,-105.0,-110.0,98,-13,L,209
2019-04-22,away,Milwaukee,Detroit,1610612749,0041800104,43.0,-900.0,-783.0,-900.0,-920.0,-900.0,-850.0,-870.6,-783.0,-920.0,59.4,-10.5,-110.0,-12.5,-104.0,-12.5,-101.0,-12.5,-105.0,-13.5,-105.0,-12.5,-110.0,-12.33,-105.83,-10.5,-13.5,-101.0,-110.0,52.9,218.5,-110.0,220.0,-105.0,220.5,-105.0,221.0,-105.0,220.0,-115.0,220.0,-110.0,220.0,-108.33,221.0,218.5,-105.0,-115.0,127,23,W,231
2019-04-22,home,Detroit,Milwaukee,1610612765,0041800104,57.0,614.0,626.0,700.0,670.0,550.0,635.0,636.2,700.0,550.0,40.6,10.5,-110.0,12.5,-115.0,12.5,-109.0,12.5,-105.0,13.5,-115.0,12.5,-110.0,12.33,-110.67,13.5,10.5,-105.0,-115.0,47.1,218.5,-110.0,220.0,-105.0,220.5,-105.0,221.0,-105.0,220.0,-105.0,220.0,-110.0,220.0,-106.67,221.0,218.5,-105.0,-110.0,104,-23,L,231
2019-04-22,away,Houston,Utah,1610612745,0041800174,58.1,-120.0,-128.0,-123.0,-135.0,-155.0,-132.0,-134.6,-123.0,-155.0,62.4,-1.0,-115.0,-2.0,-107.0,-2.0,-102.0,-2.5,-105.0,-3.5,-105.0,-2.0,-115.0,-2.17,-108.17,-1.0,-3.5,-102.0,-115.0,59.1,212.5,-110.0,215.5,-101.0,215.0,-108.0,215.5,-105.0,216.0,-110.0,,,214.9,-106.8,216.0,212.5,-101.0,-110.0,91,-16,L,198
2019-04-22,home,Utah,Houston,1610612762,0041800174,41.9,100.0,116.0,113.0,115.0,135.0,112.0,118.2,135.0,112.0,37.6,1.0,-105.0,2.0,-103.0,2.0,-108.0,2.5,-105.0,3.5,-115.0,2.0,-105.0,2.17,-106.83,3.5,1.0,-103.0,-115.0,40.9,212.5,-110.0,215.5,-112.0,215.0,-102.0,215.5,-105.0,216.0,-110.0,,,214.9,-107.8,216.0,212.5,-102.0,-112.0,107,16,W,198
2019-04-23,away,Orlando,Toronto,1610612753,0041800115,38.8,562.0,569.0,548.0,585.0,525.0,575.0,560.4,585.0,525.0,37.6,11.5,-105.0,11.0,-105.0,11.0,-108.0,11.0,-105.0,11.5,-110.0,11.0,-105.0,11.17,-106.33,11.5,11.0,-105.0,-110.0,52.2,205.0,-110.0,206.0,-107.0,206.0,-105.0,206.0,-105.0,206.0,-115.0,206.0,-110.0,205.83,-108.67,206.0,205.0,-105.0,-115.0,96,-19,L,211
2019-04-23,home,Toronto,Orlando,1610612761,0041800115,61.2,-800.0,-700.0,-670.0,-785.0,-850.0,-750.0,-751.0,-670.0,-850.0,62.4,-11.5,-115.0,-11.0,-105.0,-11.0,-102.0,-11.0,-105.0,-11.5,-110.0,-11.0,-115.0,-11.17,-108.67,-11.0,-11.5,-102.0,-115.0,47.8,205.0,-110.0,206.0,-103.0,206.0,-105.0,206.0,-105.0,206.0,-105.0,206.0,-110.0,205.83,-106.33,206.0,205.0,-103.0,-110.0,115,19,W,211
2019-04-23,away,Brooklyn,Philadelphia,1610612751,0041800125,47.4,263.0,321.0,335.0,325.0,315.0,315.0,322.2,335.0,315.0,42.9,8.0,-115.0,9.0,-104.0,9.0,-102.0,9.0,-105.0,9.0,-105.0,9.0,-112.0,8.83,-107.17,9.0,8.0,-102.0,-115.0,52.5,,,230.0,-100.0,230.0,-105.0,230.0,-105.0,230.0,-105.0,230.0,-105.0,230.0,-104.0,230.0,230.0,-100.0,-105.0,100,-22,L,222
2019-04-23,home,Philadelphia,Brooklyn,1610612755,0041800125,52.6,-325.0,-369.0,-375.0,-405.0,-430.0,-375.0,-390.8,-369.0,-430.0,57.1,-8.0,-105.0,-9.0,-106.0,-9.0,-108.0,-9.0,-105.0,-9.0,-115.0,-9.0,-108.0,-8.83,-107.83,-8.0,-9.0,-105.0,-115.0,47.5,,,230.0,-110.0,230.0,-105.0,230.0,-105.0,230.0,-115.0,230.0,-115.0,230.0,-110.0,230.0,230.0,-105.0,-115.0,122,22,W,222
2019-04-23,away,San Antonio,Denver,1610612759,0041800155,54.5,192.0,197.0,195.0,190.0,375.0,190.0,229.4,375.0,190.0,53.3,5.5,-110.0,5.5,-107.0,5.5,-109.0,5.5,-105.0,5.5,-110.0,5.5,-117.0,5.5,-109.67,5.5,5.5,-105.0,-117.0,44.8,212.0,-110.0,211.5,-102.0,210.0,-108.0,211.5,-105.0,210.5,-115.0,211.0,-120.0,211.08,-110.0,212.0,210.0,-102.0,-120.0,90,-18,L,198
2019-04-23,home,Denver,San Antonio,1610612743,0041800155,45.5,-230.0,-220.0,-215.0,-225.0,-550.0,-220.0,-286.0,-215.0,-550.0,46.7,-5.5,-110.0,-5.5,-103.0,-5.5,-101.0,-5.5,-105.0,-5.5,-110.0,-5.5,-103.0,-5.5,-105.33,-5.5,-5.5,-101.0,-110.0,55.2,212.0,-110.0,211.5,-108.0,210.0,-102.0,211.5,-105.0,210.5,-105.0,211.0,-100.0,211.08,-105.0,212.0,210.0,-100.0,-110.0,108,18,W,198
2019-04-23,away,Oklahoma City,Portland,1610612760,0041800165,48.8,130.0,156.0,165.0,155.0,160.0,155.0,158.2,165.0,155.0,37.6,3.5,-115.0,4.0,-100.0,4.0,-105.0,4.5,-105.0,5.0,-110.0,4.5,-111.0,4.25,-107.67,5.0,3.5,-100.0,-115.0,55.2,219.5,-110.0,222.5,-104.0,222.5,-103.0,222.5,-105.0,222.5,-110.0,222.5,-110.0,222.0,-107.0,222.5,219.5,-103.0,-110.0,115,-3,L,233
2019-04-23,home,Portland,Oklahoma City,1610612757,0041800165,51.2,-150.0,-173.0,-175.0,-180.0,-180.0,-175.0,-176.6,-173.0,-180.0,62.4,-3.5,-105.0,-4.0,-110.0,-4.0,-105.0,-4.5,-105.0,-5.0,-110.0,-4.5,-109.0,-4.25,-107.33,-3.5,-5.0,-105.0,-110.0,44.8,219.5,-110.0,222.5,-106.0,222.5,-107.0,222.5,-105.0,222.5,-110.0,222.5,-110.0,222.0,-108.0,222.5,219.5,-105.0,-110.0,118,3,W,233
2019-04-24,away,L.A. Clippers,Golden State,1610612746,0041800145,56.3,980.0,1126.0,1200.0,1160.0,900.0,,1096.5,1200.0,900.0,39.0,14.0,-110.0,15.0,-101.0,15.0,-102.0,15.5,-105.0,15.5,-115.0,15.0,-105.0,15.0,-106.33,15.5,14.0,-101.0,-115.0,52.6,235.0,-110.0,232.5,-103.0,232.0,-105.0,233.0,-105.0,232.5,-110.0,232.5,-107.0,232.92,-106.67,235.0,232.0,-103.0,-110.0,129,8,W,250
2019-04-24,home,Golden State,L.A. Clippers,1610612744,0041800145,43.7,-1800.0,-1650.0,-1500.0,-1810.0,-1900.0,,-1715.0,-1500.0,-1900.0,61.0,-14.0,-110.0,-15.0,-109.0,-15.0,-108.0,-15.5,-105.0,-15.5,-105.0,-15.0,-115.0,-15.0,-108.67,-14.0,-15.5,-105.0,-115.0,47.4,235.0,-110.0,232.5,-107.0,232.0,-105.0,233.0,-105.0,232.5,-110.0,232.5,-113.0,232.92,-108.33,235.0,232.0,-105.0,-113.0,121,-8,L,250
2019-04-24,away,Utah,Houston,1610612762,0041800175,41.6,317.0,312.0,330.0,320.0,315.0,310.0,317.4,330.0,310.0,41.9,8.5,-110.0,8.5,-113.0,8.5,-108.0,8.5,-105.0,9.0,-115.0,8.5,-115.0,8.58,-111.0,9.0,8.5,-105.0,-115.0,59.7,213.0,-110.0,214.0,-102.0,214.0,-107.0,214.5,-105.0,214.5,-115.0,214.0,-110.0,214.0,-108.17,214.5,213.0,-102.0,-115.0,93,-7,L,193
2019-04-24,home,Houston,Utah,1610612745,0041800175,58.4,-400.0,-358.0,-370.0,-400.0,-430.0,-370.0,-385.6,-358.0,-430.0,58.1,-8.5,-110.0,-8.5,-102.0,-8.5,-102.0,-8.5,-105.0,-9.0,-105.0,-8.5,-105.0,-8.58,-104.83,-8.5,-9.0,-102.0,-110.0,40.3,213.0,-110.0,214.0,-108.0,214.0,-103.0,214.5,-105.0,214.5,-105.0,214.0,-110.0,214.0,-106.83,214.5,213.0,-103.0,-110.0,100,7,W,193
2019-04-25,away,Denver,San Antonio,1610612743,0041800156,53.1,120.0,129.0,132.0,125.0,115.0,130.0,126.2,132.0,115.0,42.1,2.5,-110.0,3.0,-105.0,2.5,-101.0,3.0,-105.0,3.0,-115.0,3.0,-112.0,2.83,-108.0,3.0,2.5,-101.0,-115.0,56.3,208.5,-110.0,209.5,-104.0,209.5,-105.0,210.0,-105.0,210.0,-110.0,209.5,-110.0,209.5,-107.33,210.0,208.5,-104.0,-110.0,103,-17,L,223
2019-04-25,home,San Antonio,Denver,1610612759,0041800156,46.9,-140.0,-143.0,-142.0,-145.0,-135.0,-150.0,-143.0,-135.0,-150.0,57.9,-2.5,-110.0,-3.0,-105.0,-2.5,-109.0,-3.0,-105.0,-3.0,-105.0,-3.0,-108.0,-2.83,-107.0,-2.5,-3.0,-105.0,-110.0,43.7,208.5,-110.0,209.5,-106.0,209.5,-105.0,210.0,-105.0,210.0,-110.0,209.5,-110.0,209.5,-107.67,210.0,208.5,-105.0,-110.0,120,17,W,223
2019-04-26,away,Golden State,L.A. Clippers,1610612744,0041800146,43.8,-500.0,-550.0,-570.0,-555.0,-550.0,-550.0,-555.0,-550.0,-570.0,59.2,-9.0,-110.0,-10.5,-105.0,-10.5,-103.0,-10.5,-105.0,-10.5,-115.0,-10.5,-110.0,-10.25,-108.0,-9.0,-10.5,-103.0,-115.0,47.4,234.5,-110.0,232.0,-110.0,,,232.5,-105.0,232.5,-110.0,232.0,-114.0,232.7,-109.8,234.5,232.0,-105.0,-114.0,129,19,W,239
2019-04-26,home,L.A. Clippers,Golden State,1610612746,0041800146,56.2,384.0,461.0,480.0,430.0,375.0,445.0,438.2,480.0,375.0,40.8,9.0,-110.0,10.5,-105.0,10.5,-107.0,10.5,-105.0,10.5,-105.0,10.5,-110.0,10.25,-107.0,10.5,9.0,-105.0,-110.0,52.6,234.5,-110.0,232.0,-100.0,,,232.5,-105.0,232.5,-110.0,232.0,-106.0,232.7,-106.2,234.5,232.0,-100.0,-110.0,110,-19,L,239
2019-04-27,away,San Antonio,Denver,1610612759,0041800157,60.0,195.0,220.0,220.0,210.0,200.0,203.0,210.6,220.0,200.0,51.1,5.5,-105.0,6.5,-109.0,6.5,-109.0,6.5,-105.0,6.0,-105.0,6.5,-117.0,6.25,-108.33,6.5,5.5,-105.0,-117.0,47.9,210.0,-110.0,207.5,-105.0,207.5,-105.0,207.5,-105.0,208.0,-110.0,207.5,-107.0,208.0,-107.0,210.0,207.5,-105.0,-110.0,86,-4,L,176
2019-04-27,home,Denver,San Antonio,1610612743,0041800157,40.0,-235.0,-247.0,-240.0,-260.0,-240.0,-243.0,-246.0,-240.0,-260.0,48.9,-5.5,-115.0,-6.5,-101.0,-6.5,-101.0,-6.5,-105.0,-6.0,-115.0,-6.5,-103.0,-6.25,-106.67,-5.5,-6.5,-101.0,-115.0,52.1,210.0,-110.0,207.5,-105.0,207.5,-105.0,207.5,-105.0,208.0,-110.0,207.5,-113.0,208.0,-108.0,210.0,207.5,-105.0,-113.0,90,4,W,176
2019-04-27,away,Philadelphia,Toronto,1610612755,0041800211,57.0,207.0,244.0,245.0,240.0,,230.0,239.75,245.0,230.0,50.4,5.5,-105.0,6.5,-105.0,6.5,-108.0,6.5,-105.0,6.0,-110.0,6.5,-110.0,6.25,-107.17,6.5,5.5,-105.0,-110.0,48.9,222.5,-110.0,223.0,-101.0,223.0,-105.0,223.5,-105.0,223.0,-110.0,223.0,-117.0,223.0,-108.0,223.5,222.5,-101.0,-117.0,95,-13,L,203
2019-04-27,home,Toronto,Philadelphia,1610612761,0041800211,43.0,-250.0,-275.0,-265.0,-290.0,,-275.0,-276.25,-265.0,-290.0,49.6,-5.5,-115.0,-6.5,-105.0,-6.5,-102.0,-6.5,-105.0,-6.0,-110.0,-6.5,-110.0,-6.25,-107.83,-5.5,-6.5,-102.0,-115.0,51.1,222.5,-110.0,223.0,-109.0,223.0,-105.0,223.5,-105.0,223.0,-110.0,223.0,-103.0,223.0,-107.0,223.5,222.5,-103.0,-110.0,108,13,W,203
2019-04-28,away,Boston,Milwaukee,1610612738,0041800201,59.3,281.0,306.0,,275.0,265.0,290.0,284.0,306.0,265.0,40.0,8.0,-110.0,8.5,-107.0,8.0,-105.0,8.5,-105.0,7.5,-105.0,8.0,-105.0,8.08,-106.17,8.5,7.5,-105.0,-110.0,0.0,224.0,-110.0,222.5,-114.0,223.0,-105.0,223.0,-105.0,223.0,-105.0,223.0,-110.0,223.08,-108.17,224.0,222.5,-105.0,-114.0,112,22,W,202
2019-04-28,home,Milwaukee,Boston,1610612749,0041800201,40.7,-350.0,-351.0,,-345.0,-330.0,-350.0,-344.0,-330.0,-351.0,60.0,-8.0,-110.0,-8.5,-103.0,-8.0,-105.0,-8.5,-105.0,-7.5,-115.0,-8.0,-115.0,-8.08,-108.83,-7.5,-8.5,-103.0,-115.0,100.0,224.0,-110.0,222.5,-103.0,223.0,-105.0,223.0,-105.0,223.0,-115.0,223.0,-110.0,223.08,-108.0,224.0,222.5,-103.0,-115.0,90,-22,L,202
2019-04-28,away,Houston,Golden State,1610612745,0041800221,61.9,234.0,224.0,230.0,210.0,205.0,215.0,216.8,230.0,205.0,58.6,6.5,-110.0,6.5,-105.0,6.5,-109.0,6.5,-105.0,6.0,-105.0,6.5,-113.0,6.42,-107.83,6.5,6.0,-105.0,-113.0,53.1,228.0,-110.0,224.0,-104.0,224.0,-102.0,224.5,-105.0,225.0,-110.0,224.0,-110.0,224.92,-106.83,228.0,224.0,-102.0,-110.0,100,-4,L,204
2019-04-28,home,Golden State,Houston,1610612744,0041800221,38.1,-285.0,-252.0,-250.0,-260.0,-245.0,-255.0,-252.4,-245.0,-260.0,41.4,-6.5,-110.0,-6.5,-105.0,-6.5,-101.0,-6.5,-105.0,-6.0,-115.0,-6.5,-107.0,-6.42,-107.17,-6.0,-6.5,-101.0,-115.0,46.9,228.0,-110.0,224.0,-106.0,224.0,-108.0,224.5,-105.0,225.0,-110.0,224.0,-110.0,224.92,-108.17,228.0,224.0,-105.0,-110.0,104,4,W,204
2019-04-29,away,Philadelphia,Toronto,1610612755,0041800212,53.3,215.0,270.0,250.0,240.0,,245.0,251.25,270.0,240.0,51.7,6.5,-110.0,7.5,-106.0,7.5,-108.0,7.5,-105.0,7.5,-110.0,7.5,-110.0,7.33,-108.17,7.5,6.5,-105.0,-110.0,49.0,219.5,-110.0,220.0,-102.0,220.0,-107.0,220.0,-105.0,,,220.0,-105.0,219.9,-105.8,220.0,219.5,-102.0,-110.0,94,5,W,183
2019-04-29,home,Toronto,Philadelphia,1610612761,0041800212,46.7,-260.0,-307.0,-275.0,-300.0,,-290.0,-293.0,-275.0,-307.0,48.3,-6.5,-110.0,-7.5,-104.0,-7.5,-102.0,-7.5,-105.0,-7.5,-110.0,-7.5,-110.0,-7.33,-106.83,-6.5,-7.5,-102.0,-110.0,51.0,219.5,-110.0,220.0,-113.0,220.0,-103.0,220.0,-105.0,,,220.0,-115.0,219.9,-109.2,220.0,219.5,-103.0,-115.0,89,-5,L,183
2019-04-29,away,Portland,Denver,1610612757,0041800231,59.2,144.0,160.0,170.0,155.0,115.0,165.0,153.0,170.0,115.0,54.0,3.5,-115.0,4.0,-105.0,4.0,-101.0,4.0,-105.0,4.0,-110.0,4.0,-110.0,3.92,-107.67,4.0,3.5,-101.0,-115.0,49.3,216.5,-110.0,215.0,-106.0,215.0,-105.0,215.5,-105.0,215.5,-110.0,215.0,-110.0,215.42,-107.67,216.5,215.0,-105.0,-110.0,113,-8,L,234
2019-04-29,home,Denver,Portland,1610612743,0041800231,40.8,-164.0,-178.0,-185.0,-180.0,-135.0,-190.0,-173.6,-135.0,-190.0,46.0,-3.5,-105.0,-4.0,-105.0,-4.0,-109.0,-4.0,-105.0,-4.0,-110.0,-4.0,-110.0,-3.92,-107.33,-3.5,-4.0,-105.0,-110.0,50.7,216.5,-110.0,215.0,-104.0,215.0,-105.0,215.5,-105.0,215.5,-110.0,215.0,-110.0,215.42,-107.33,216.5,215.0,-104.0,-110.0,121,8,W,234
2019-04-30,away,Boston,Milwaukee,1610612738,0041800202,59.4,263.0,287.0,285.0,295.0,105.0,275.0,249.4,295.0,105.0,54.4,7.5,-110.0,7.5,-104.0,8.0,-101.0,8.5,-105.0,7.0,-100.0,7.5,-102.0,7.67,-103.67,8.5,7.0,-100.0,-110.0,43.8,220.5,-110.0,219.5,-101.0,219.5,-103.0,219.5,-105.0,219.0,-110.0,219.5,-107.0,219.58,-106.0,220.5,219.0,-101.0,-110.0,102,-21,L,225
2019-04-30,home,Milwaukee,Boston,1610612749,0041800202,40.6,-325.0,-328.0,-315.0,-365.0,-125.0,-330.0,-292.6,-125.0,-365.0,45.6,-7.5,-110.0,-7.5,-115.0,-8.0,-109.0,-8.5,-105.0,-7.0,-120.0,-7.5,-118.0,-7.67,-112.83,-7.0,-8.5,-105.0,-120.0,56.2,220.5,-110.0,219.5,-109.0,219.5,-107.0,219.5,-105.0,219.0,-110.0,219.5,-113.0,219.58,-109.0,220.5,219.0,-105.0,-113.0,123,21,W,225
2019-04-30,away,Houston,Golden State,1610612745,0041800222,63.9,199.0,199.0,195.0,175.0,175.0,180.0,184.8,199.0,175.0,57.3,6.0,-113.0,5.5,-105.0,5.0,-101.0,5.0,-105.0,5.0,-110.0,5.0,-110.0,5.25,-107.33,6.0,5.0,-101.0,-113.0,53.7,,,222.0,-105.0,222.0,-105.0,223.0,-105.0,223.0,-105.0,222.0,-110.0,222.4,-106.0,223.0,222.0,-105.0,-110.0,109,-6,L,224
2019-04-30,home,Golden State,Houston,1610612744,0041800222,36.1,-240.0,-223.0,-215.0,-205.0,-210.0,-210.0,-212.6,-205.0,-223.0,42.7,-6.0,-107.0,-5.5,-105.0,-5.0,-109.0,-5.0,-105.0,-5.0,-110.0,-5.0,-110.0,-5.25,-107.67,-5.0,-6.0,-105.0,-110.0,46.3,,,222.0,-105.0,222.0,-105.0,223.0,-105.0,223.0,-115.0,222.0,-110.0,222.4,-108.0,223.0,222.0,-105.0,-115.0,115,6,W,224
2019-05-01,away,Portland,Denver,1610612757,0041800232,43.3,148.0,162.0,163.0,155.0,150.0,157.0,157.4,163.0,150.0,44.3,4.0,-115.0,4.0,-106.0,4.0,-108.0,4.0,-105.0,4.0,-110.0,4.0,-113.0,4.0,-109.5,4.0,4.0,-105.0,-115.0,52.5,217.5,-110.0,219.5,-100.0,219.5,-109.0,220.0,-105.0,220.5,-110.0,219.5,-115.0,219.42,-108.17,220.5,217.5,-100.0,-115.0,97,7,W,187
2019-05-01,home,Denver,Portland,1610612743,0041800232,56.7,-170.0,-180.0,-173.0,-180.0,-170.0,-177.0,-176.0,-170.0,-180.0,55.7,-4.0,-105.0,-4.0,-104.0,-4.0,-102.0,-4.0,-105.0,-4.0,-110.0,-4.0,-107.0,-4.0,-105.5,-4.0,-4.0,-102.0,-110.0,47.5,217.5,-110.0,219.5,-111.0,219.5,-101.0,220.0,-105.0,220.5,-110.0,219.5,-105.0,219.42,-107.0,220.5,217.5,-101.0,-111.0,90,-7,L,187
2019-05-02,away,Toronto,Philadelphia,1610612761,0041800213,51.6,105.0,-117.0,-117.0,-130.0,-130.0,,-123.5,-117.0,-130.0,54.0,,,-1.5,-105.0,-1.5,-101.0,-2.0,-105.0,-2.0,-110.0,-1.5,-113.0,-1.7,-106.8,-1.5,-2.0,-101.0,-113.0,55.7,216.0,-110.0,216.0,-112.0,216.5,-105.0,216.5,-105.0,216.5,-115.0,216.5,-110.0,216.33,-109.5,216.5,216.0,-105.0,-115.0,95,-21,L,211
2019-05-02,home,Philadelphia,Toronto,1610612755,0041800213,48.4,-125.0,106.0,107.0,110.0,110.0,,108.25,110.0,106.0,46.0,,,1.5,-105.0,1.5,-109.0,2.0,-105.0,2.0,-110.0,1.5,-107.0,1.7,-107.2,2.0,1.5,-105.0,-110.0,44.3,216.0,-110.0,216.0,-101.0,216.5,-105.0,216.5,-105.0,216.5,-105.0,216.5,-110.0,216.33,-106.0,216.5,216.0,-101.0,-110.0,116,21,W,211
2019-05-03,away,Milwaukee,Boston,1610612749,0041800203,42.7,105.0,114.0,117.0,115.0,120.0,113.0,115.8,120.0,113.0,41.6,1.5,-105.0,1.5,-103.0,2.0,-105.0,2.5,-105.0,2.5,-110.0,2.0,-108.0,2.0,-106.0,2.5,1.5,-103.0,-110.0,44.7,220.0,-110.0,220.0,-105.0,220.0,-109.0,220.0,-105.0,220.0,-105.0,,,220.0,-106.8,220.0,220.0,-105.0,-110.0,123,7,W,239
2019-05-03,home,Boston,Milwaukee,1610612738,0041800203,57.3,-125.0,-126.0,-127.0,-135.0,-140.0,-133.0,-132.2,-126.0,-140.0,58.4,-1.5,-115.0,-1.5,-114.0,-2.0,-105.0,-2.5,-105.0,-2.5,-110.0,-2.0,-112.0,-2.0,-110.17,-1.5,-2.5,-105.0,-115.0,55.3,220.0,-110.0,220.0,-105.0,220.0,-101.0,220.0,-105.0,220.0,-115.0,,,220.0,-107.2,220.0,220.0,-101.0,-115.0,116,-7,L,239
2019-05-03,away,Denver,Portland,1610612743,0041800233,43.4,160.0,175.0,180.0,185.0,180.0,187.0,181.4,187.0,175.0,41.6,4.5,-110.0,5.0,-104.0,5.0,-101.0,5.5,-105.0,5.5,-115.0,5.0,-105.0,5.08,-106.67,5.5,4.5,-101.0,-115.0,51.6,215.5,-110.0,,,,,215.5,-105.0,,,,,215.5,-107.5,215.5,215.5,-105.0,-110.0,137,-3,L,277
2019-05-03,home,Portland,Denver,1610612757,0041800233,56.6,-185.0,-195.0,-195.0,-215.0,-220.0,-217.0,-208.4,-195.0,-220.0,58.4,-4.5,-110.0,-5.0,-106.0,-5.0,-109.0,-5.5,-105.0,-5.5,-105.0,-5.0,-115.0,-5.08,-108.33,-4.5,-5.5,-105.0,-115.0,48.4,215.5,-110.0,,,,,215.5,-105.0,,,,,215.5,-107.5,215.5,215.5,-105.0,-110.0,140,3,W,277
2019-05-04,away,Golden State,Houston,1610612744,0041800223,54.4,151.0,147.0,150.0,150.0,135.0,147.0,145.8,150.0,135.0,49.5,3.5,-110.0,3.5,-104.0,3.5,-107.0,4.0,-105.0,3.5,-110.0,3.5,-109.0,3.58,-107.5,4.0,3.5,-104.0,-110.0,58.2,,,219.5,-100.0,219.5,-105.0,220.0,-105.0,220.0,-110.0,219.5,-110.0,219.7,-106.0,220.0,219.5,-100.0,-110.0,121,-5,L,247
2019-05-04,home,Houston,Golden State,1610612745,0041800223,45.6,-175.0,-163.0,-160.0,-170.0,-155.0,-167.0,-163.0,-155.0,-170.0,50.5,-3.5,-110.0,-3.5,-106.0,-3.5,-103.0,-4.0,-105.0,-3.5,-110.0,-3.5,-111.0,-3.58,-107.5,-3.5,-4.0,-103.0,-111.0,41.8,,,219.5,-110.0,219.5,-105.0,220.0,-105.0,220.0,-110.0,219.5,-110.0,219.7,-108.0,220.0,219.5,-105.0,-110.0,126,5,W,247
2019-05-05,away,Toronto,Philadelphia,1610612761,0041800214,45.0,-117.0,119.0,115.0,115.0,120.0,115.0,116.8,120.0,115.0,43.8,-1.0,-110.0,2.0,-100.0,2.0,-105.0,2.0,-105.0,2.5,-110.0,2.0,-105.0,1.58,-105.83,2.5,-1.0,-100.0,-110.0,56.8,215.0,-110.0,215.0,-108.0,,,216.0,-105.0,,,,,215.33,-107.67,216.0,215.0,-105.0,-110.0,101,5,W,197
2019-05-05,home,Philadelphia,Toronto,1610612755,0041800214,55.0,-103.0,-131.0,-125.0,-135.0,-140.0,-135.0,-133.2,-125.0,-140.0,56.2,1.0,-110.0,-2.0,-110.0,-2.0,-105.0,-2.0,-105.0,-2.5,-110.0,-2.0,-115.0,-1.58,-109.17,1.0,-2.5,-105.0,-115.0,43.2,215.0,-110.0,215.0,-102.0,,,216.0,-105.0,,,,,215.33,-105.67,216.0,215.0,-102.0,-110.0,96,-5,L,197
2019-05-05,away,Denver,Portland,1610612743,0041800234,48.3,140.0,129.0,140.0,135.0,125.0,126.0,131.0,140.0,125.0,46.4,4.5,-115.0,3.0,-110.0,3.0,-105.0,3.0,-105.0,3.0,-110.0,3.0,-116.0,3.25,-110.17,4.5,3.0,-105.0,-116.0,54.2,212.0,-110.0,211.0,-105.0,211.0,-105.0,211.5,-105.0,212.0,-110.0,211.0,-115.0,211.42,-108.33,212.0,211.0,-105.0,-115.0,116,4,W,228
2019-05-05,home,Portland,Denver,1610612757,0041800234,51.7,-160.0,-143.0,-150.0,-155.0,-145.0,-146.0,-147.8,-143.0,-155.0,53.6,-4.5,-105.0,-3.0,-100.0,-3.0,-105.0,-3.0,-105.0,-3.0,-110.0,-3.0,-104.0,-3.25,-104.83,-3.0,-4.5,-100.0,-110.0,45.8,212.0,-110.0,211.0,-105.0,211.0,-105.0,211.5,-105.0,212.0,-110.0,211.0,-105.0,211.42,-106.67,212.0,211.0,-105.0,-110.0,112,-4,L,228
2019-05-06,away,Milwaukee,Boston,1610612749,0041800204,41.5,100.0,-104.0,102.0,100.0,100.0,-106.0,18.4,102.0,-106.0,42.9,1.5,-110.0,1.0,-109.0,1.0,-107.0,0.0,-105.0,1.5,-110.0,1.0,-110.0,1.0,-108.5,1.5,0.0,-105.0,-110.0,50.0,221.0,-110.0,,,221.0,-105.0,221.0,-105.0,220.5,-110.0,220.5,-115.0,220.8,-109.0,221.0,220.5,-105.0,-115.0,113,12,W,214
2019-05-06,home,Boston,Milwaukee,1610612738,0041800204,58.5,-120.0,-106.0,-112.0,-120.0,-120.0,-114.0,-114.4,-106.0,-120.0,57.1,-1.5,-110.0,-1.0,-101.0,-1.0,-103.0,0.0,-105.0,-1.5,-110.0,-1.0,-110.0,-1.0,-106.5,0.0,-1.5,-101.0,-110.0,50.0,221.0,-110.0,,,221.0,-105.0,221.0,-105.0,220.5,-110.0,220.5,-105.0,220.8,-107.0,221.0,220.5,-105.0,-110.0,101,-12,L,214
2019-05-06,away,Golden State,Houston,1610612744,0041800224,62.1,110.0,-109.0,102.0,-105.0,-115.0,-107.0,-66.8,102.0,-115.0,57.0,2.0,-110.0,1.0,-113.0,1.0,-108.0,1.0,-110.0,-1.0,-110.0,1.0,-110.0,0.83,-110.17,2.0,-1.0,-108.0,-113.0,57.1,221.0,-110.0,219.5,-104.0,219.5,-105.0,,,220.0,-110.0,219.5,-110.0,219.9,-107.8,221.0,219.5,-104.0,-110.0,108,-4,L,220
2019-05-06,home,Houston,Golden State,1610612745,0041800224,37.9,-130.0,-102.0,-112.0,-115.0,-105.0,-113.0,-109.4,-102.0,-115.0,43.0,-2.0,-110.0,-1.0,-102.0,-1.0,-102.0,-1.0,-100.0,1.0,-110.0,-1.0,-110.0,-0.83,-105.67,1.0,-2.0,-100.0,-110.0,42.9,221.0,-110.0,219.5,-106.0,219.5,-105.0,,,220.0,-110.0,219.5,-110.0,219.9,-108.2,221.0,219.5,-105.0,-110.0,112,4,W,220
2019-05-07,away,Philadelphia,Toronto,1610612755,0041800215,52.7,215.0,,225.0,225.0,210.0,,220.0,225.0,210.0,56.9,6.0,-105.0,,,6.0,-101.0,6.0,-105.0,6.0,-110.0,,,6.0,-105.25,6.0,6.0,-101.0,-110.0,50.3,212.5,-110.0,,,212.5,-107.0,213.0,-105.0,212.0,-115.0,213.0,-110.0,212.6,-109.4,213.0,212.0,-105.0,-115.0,89,-36,L,214
2019-05-07,home,Toronto,Philadelphia,1610612761,0041800215,47.3,-260.0,,-245.0,-275.0,-250.0,,-256.67,-245.0,-275.0,43.1,-6.0,-115.0,,,-6.0,-109.0,-6.0,-105.0,-6.0,-110.0,,,-6.0,-109.75,-6.0,-6.0,-105.0,-115.0,49.7,212.5,-110.0,,,212.5,-103.0,213.0,-105.0,212.0,-105.0,213.0,-110.0,212.6,-106.6,213.0,212.0,-103.0,-110.0,125,36,W,214
2019-05-07,away,Portland,Denver,1610612757,0041800235,52.6,160.0,,185.0,,170.0,,177.5,185.0,170.0,49.9,4.5,-110.0,,,,,,,,,,,4.5,-110.0,4.5,4.5,-110.0,-110.0,52.7,212.5,-126.0,,,,,213.5,-105.0,,,,,213.0,-115.5,213.5,212.5,-105.0,-126.0,98,-26,L,222
2019-05-07,home,Denver,Portland,1610612743,0041800235,47.4,-185.0,,-200.0,,-200.0,,-200.0,-200.0,-200.0,50.1,-4.5,-110.0,,,,,,,,,,,-4.5,-110.0,-4.5,-4.5,-110.0,-110.0,47.3,212.5,-104.0,,,,,213.5,-105.0,,,,,213.0,-104.5,213.5,212.5,-104.0,-105.0,124,26,W,222
2019-05-08,away,Boston,Milwaukee,1610612738,0041800205,61.5,394.0,311.0,330.0,305.0,285.0,310.0,308.2,330.0,285.0,47.3,8.0,-105.0,8.5,-106.0,8.5,-105.0,9.0,-105.0,8.5,-110.0,8.5,-102.0,8.5,-105.5,9.0,8.0,-102.0,-110.0,54.8,218.5,-110.0,221.0,-104.0,221.0,-105.0,221.5,-105.0,,,221.0,-110.0,220.6,-106.8,221.5,218.5,-104.0,-110.0,91,-25,L,207
2019-05-08,home,Milwaukee,Boston,1610612749,0041800205,38.5,-515.0,-357.0,-370.0,-385.0,-370.0,-370.0,-370.4,-357.0,-385.0,52.7,-8.0,-115.0,-8.5,-104.0,-8.5,-105.0,-9.0,-105.0,-8.5,-110.0,-8.5,-118.0,-8.5,-109.5,-8.0,-9.0,-104.0,-118.0,45.2,218.5,-110.0,221.0,-106.0,221.0,-105.0,221.5,-105.0,,,221.0,-110.0,220.6,-107.2,221.5,218.5,-105.0,-110.0,116,25,W,207
2019-05-08,away,Houston,Golden State,1610612745,0041800225,47.0,204.0,206.0,220.0,225.0,210.0,222.0,216.6,225.0,206.0,50.8,5.5,-110.0,6.0,-105.0,6.0,-109.0,6.0,-105.0,6.0,-105.0,6.0,-110.0,5.92,-107.33,6.0,5.5,-105.0,-110.0,63.7,220.0,-110.0,,,221.0,-105.0,221.0,-105.0,222.0,-110.0,221.0,-110.0,221.0,-108.0,222.0,220.0,-105.0,-110.0,99,-5,L,203
2019-05-08,home,Golden State,Houston,1610612744,0041800225,53.0,-245.0,-231.0,-240.0,-275.0,-250.0,-262.0,-251.6,-231.0,-275.0,49.2,-5.5,-110.0,-6.0,-105.0,-6.0,-101.0,-6.0,-105.0,-6.0,-115.0,-6.0,-110.0,-5.92,-107.67,-5.5,-6.0,-101.0,-115.0,36.3,220.0,-110.0,,,221.0,-105.0,221.0,-105.0,222.0,-110.0,221.0,-110.0,221.0,-108.0,222.0,220.0,-105.0,-110.0,104,5,W,203
2019-05-09,away,Toronto,Philadelphia,1610612761,0041800216,48.7,,-123.0,-118.0,-120.0,-130.0,-121.0,-122.4,-118.0,-130.0,51.5,,,-1.5,-113.0,-1.5,-109.0,-1.5,-105.0,-2.0,-110.0,-1.5,-113.0,-1.6,-110.0,-1.5,-2.0,-105.0,-113.0,50.9,,,211.5,-110.0,211.5,-105.0,212.0,-105.0,212.0,-105.0,211.5,-110.0,211.7,-107.0,212.0,211.5,-105.0,-110.0,101,-11,L,213
2019-05-09,home,Philadelphia,Toronto,1610612755,0041800216,51.3,,111.0,108.0,100.0,110.0,101.0,106.0,111.0,100.0,48.5,,,1.5,-102.0,1.5,-101.0,1.5,-105.0,2.0,-110.0,1.5,-107.0,1.6,-105.0,2.0,1.5,-101.0,-110.0,49.1,,,211.5,-100.0,211.5,-105.0,212.0,-105.0,212.0,-115.0,211.5,-110.0,211.7,-107.0,212.0,211.5,-100.0,-115.0,112,11,W,213
2019-05-09,away,Denver,Portland,1610612743,0041800236,52.3,,158.0,165.0,160.0,150.0,155.0,157.6,165.0,150.0,49.6,,,4.0,-102.0,4.0,-105.0,4.0,-105.0,4.0,-105.0,4.0,-110.0,4.0,-105.4,4.0,4.0,-102.0,-110.0,58.5,,,213.5,-106.0,213.5,-105.0,214.0,-105.0,214.5,-110.0,213.5,-110.0,213.8,-107.2,214.5,213.5,-105.0,-110.0,108,-11,L,227
2019-05-09,home,Portland,Denver,1610612757,0041800236,47.7,,-176.0,-175.0,-185.0,-170.0,-175.0,-176.2,-170.0,-185.0,50.4,,,-4.0,-108.0,-4.0,-105.0,-4.0,-105.0,-4.0,-115.0,-4.0,-110.0,-4.0,-108.6,-4.0,-4.0,-105.0,-115.0,41.5,,,213.5,-104.0,213.5,-105.0,214.0,-105.0,214.5,-110.0,213.5,-110.0,213.8,-106.8,214.5,213.5,-104.0,-110.0,119,11,W,227
2019-05-10,away,Golden State,Houston,1610612744,0041800226,58.8,245.0,281.0,295.0,305.0,255.0,285.0,284.2,305.0,255.0,56.2,7.5,-110.0,7.5,-101.0,7.5,-105.0,7.5,-105.0,7.0,-105.0,7.5,-105.0,7.42,-105.17,7.5,7.0,-101.0,-110.0,59.7,211.5,-110.0,215.5,-102.0,215.5,-101.0,215.0,-105.0,216.0,-110.0,215.5,-110.0,214.83,-106.33,216.0,211.5,-101.0,-110.0,118,5,W,231
2019-05-10,home,Houston,Golden State,1610612745,0041800226,41.2,-300.0,-320.0,-325.0,-385.0,-310.0,-340.0,-336.0,-310.0,-385.0,43.8,-7.5,-110.0,-7.5,-109.0,-7.5,-105.0,-7.5,-105.0,-7.0,-115.0,-7.5,-115.0,-7.42,-109.83,-7.0,-7.5,-105.0,-115.0,40.3,211.5,-110.0,215.5,-108.0,215.5,-109.0,215.0,-105.0,216.0,-110.0,215.5,-110.0,214.83,-108.67,216.0,211.5,-105.0,-110.0,113,-5,L,231
2019-05-12,away,Philadelphia,Toronto,1610612755,0041800217,55.1,222.0,219.0,220.0,205.0,205.0,228.0,215.4,228.0,205.0,51.8,6.5,-103.0,6.0,-107.0,6.0,-107.0,6.0,-105.0,6.0,-110.0,6.0,-118.0,6.08,-108.33,6.5,6.0,-103.0,-118.0,55.0,209.5,-110.0,209.5,-108.0,209.5,-105.0,210.0,-105.0,210.0,-115.0,209.5,-110.0,209.67,-108.83,210.0,209.5,-105.0,-115.0,90,-2,L,182
2019-05-12,home,Toronto,Philadelphia,1610612761,0041800217,44.9,-270.0,-246.0,-240.0,-245.0,-245.0,-268.0,-248.8,-240.0,-268.0,48.2,-6.5,-117.0,-6.0,-103.0,-6.0,-103.0,-6.0,-105.0,-6.0,-110.0,-6.0,-102.0,-6.08,-106.67,-6.0,-6.5,-102.0,-117.0,45.0,209.5,-110.0,209.5,-102.0,209.5,-105.0,210.0,-105.0,210.0,-105.0,209.5,-110.0,209.67,-106.17,210.0,209.5,-102.0,-110.0,92,2,W,182
2019-05-12,away,Portland,Denver,1610612757,0041800237,57.4,172.0,219.0,305.0,290.0,185.0,220.0,243.8,305.0,185.0,50.0,5.0,-110.0,5.5,-100.0,8.0,-105.0,8.0,-105.0,5.5,-115.0,5.5,-110.0,6.25,-107.5,8.0,5.0,-100.0,-115.0,55.9,212.5,-110.0,211.0,-110.0,218.0,-105.0,218.5,-105.0,212.0,-105.0,211.0,-110.0,213.83,-107.5,218.5,211.0,-105.0,-110.0,100,4,W,196
2019-05-12,home,Denver,Portland,1610612743,0041800237,42.6,-205.0,-246.0,-335.0,-360.0,-225.0,-260.0,-285.2,-225.0,-360.0,50.0,-5.0,-110.0,-5.5,-110.0,-8.0,-105.0,-8.0,-105.0,-5.5,-105.0,-5.5,-110.0,-6.25,-107.5,-5.0,-8.0,-105.0,-110.0,44.1,212.5,-110.0,211.0,-100.0,218.0,-105.0,218.5,-105.0,212.0,-115.0,211.0,-110.0,213.83,-107.5,218.5,211.0,-100.0,-115.0,96,-4,L,196
2019-05-14,away,Portland,Golden State,1610612757,0041800311,51.8,285.0,269.0,270.0,270.0,350.0,260.0,283.8,350.0,260.0,53.5,8.0,-110.0,7.5,-109.0,7.0,-102.0,7.0,-105.0,7.0,-105.0,7.5,-113.0,7.33,-107.33,8.0,7.0,-102.0,-113.0,59.7,218.5,-110.0,220.5,-113.0,221.0,-105.0,221.0,-105.0,221.0,-110.0,220.5,-117.0,220.42,-110.0,221.0,218.5,-105.0,-117.0,94,-22,L,210
2019-05-14,home,Golden State,Portland,1610612744,0041800311,48.2,-355.0,-306.0,-300.0,-330.0,-500.0,-310.0,-349.2,-300.0,-500.0,46.5,-8.0,-110.0,-7.5,-101.0,-7.0,-108.0,-7.0,-105.0,-7.0,-115.0,-7.5,-107.0,-7.33,-107.67,-7.0,-8.0,-101.0,-115.0,40.3,218.5,-110.0,220.5,-102.0,221.0,-105.0,221.0,-105.0,221.0,-110.0,220.5,-103.0,220.42,-105.83,221.0,218.5,-102.0,-110.0,116,22,W,210
2019-05-15,away,Toronto,Milwaukee,1610612761,0041800301,47.8,211.0,252.0,248.0,260.0,215.0,265.0,248.0,265.0,215.0,42.9,6.5,-110.0,6.5,-101.0,6.5,-102.0,7.0,-105.0,7.0,-110.0,7.0,-110.0,6.75,-106.33,7.0,6.5,-101.0,-110.0,43.3,218.0,-110.0,218.5,-102.0,218.0,-105.0,219.0,-105.0,,,,,218.38,-105.5,219.0,218.0,-102.0,-110.0,100,-8,L,208
2019-05-15,home,Milwaukee,Toronto,1610612749,0041800301,52.2,-255.0,-285.0,-270.0,-320.0,-260.0,-315.0,-290.0,-260.0,-320.0,57.1,-6.5,-110.0,-6.5,-109.0,-6.5,-108.0,-7.0,-105.0,-7.0,-110.0,-7.0,-110.0,-6.75,-108.67,-6.5,-7.0,-105.0,-110.0,56.7,218.0,-110.0,218.5,-108.0,218.0,-105.0,219.0,-105.0,,,,,218.38,-107.0,219.0,218.0,-105.0,-110.0,108,8,W,208
2019-05-16,away,Portland,Golden State,1610612757,0041800312,51.2,274.0,260.0,265.0,260.0,270.0,260.0,263.0,270.0,260.0,50.4,8.0,-110.0,7.0,-104.0,7.0,-109.0,7.0,-105.0,7.0,-105.0,7.0,-107.0,7.17,-106.67,8.0,7.0,-104.0,-110.0,58.7,217.0,-110.0,219.5,-105.0,219.5,-105.0,220.5,-105.0,220.5,-105.0,220.0,-113.0,219.5,-107.17,220.5,217.0,-105.0,-113.0,111,-3,L,225
2019-05-16,home,Golden State,Portland,1610612744,0041800312,48.8,-340.0,-295.0,-295.0,-320.0,-340.0,-310.0,-312.0,-295.0,-340.0,49.6,-8.0,-110.0,-7.0,-106.0,-7.0,-101.0,-7.0,-105.0,-7.0,-115.0,-7.0,-113.0,-7.17,-108.33,-7.0,-8.0,-101.0,-115.0,41.3,217.0,-110.0,219.5,-105.0,219.5,-105.0,220.5,-105.0,220.5,-115.0,220.0,-107.0,219.5,-107.83,220.5,217.0,-105.0,-115.0,114,3,W,225
2019-05-17,away,Toronto,Milwaukee,1610612761,0041800302,59.4,230.0,220.0,230.0,215.0,205.0,228.0,219.6,230.0,205.0,52.3,7.0,-105.0,6.5,-111.0,6.5,-109.0,6.5,-105.0,6.0,-105.0,6.5,-114.0,6.5,-108.17,7.0,6.0,-105.0,-114.0,56.1,214.0,-110.0,219.0,-105.0,219.0,-102.0,219.0,-105.0,,,219.0,-110.0,218.0,-106.4,219.0,214.0,-102.0,-110.0,103,-22,L,228
2019-05-17,home,Milwaukee,Toronto,1610612749,0041800302,40.6,-280.0,-247.0,-250.0,-265.0,-245.0,-268.0,-255.0,-245.0,-268.0,47.7,-7.0,-115.0,-6.5,-101.0,-6.5,-101.0,-6.5,-105.0,-6.0,-115.0,-6.5,-106.0,-6.5,-107.17,-6.0,-7.0,-101.0,-115.0,43.9,214.0,-110.0,219.0,-105.0,219.0,-108.0,219.0,-105.0,,,219.0,-110.0,218.0,-107.6,219.0,214.0,-105.0,-110.0,125,22,W,228
2019-05-18,away,Golden State,Portland,1610612744,0041800313,52.9,115.0,134.0,135.0,135.0,120.0,132.0,131.2,135.0,120.0,46.4,2.5,-115.0,3.0,-105.0,3.0,-108.0,3.0,-105.0,3.0,-110.0,3.0,-109.0,2.92,-108.67,3.0,2.5,-105.0,-115.0,58.3,,,221.0,-102.0,221.0,-105.0,221.0,-105.0,222.0,-110.0,220.5,-110.0,221.1,-106.4,222.0,220.5,-102.0,-110.0,110,11,W,209
2019-05-18,home,Portland,Golden State,1610612757,0041800313,47.1,-135.0,-148.0,-145.0,-155.0,-140.0,-152.0,-148.0,-140.0,-155.0,53.6,-2.5,-105.0,-3.0,-105.0,-3.0,-102.0,-3.0,-105.0,-3.0,-110.0,-3.0,-111.0,-2.92,-106.33,-2.5,-3.0,-102.0,-111.0,41.7,,,221.0,-108.0,221.0,-105.0,221.0,-105.0,222.0,-110.0,220.5,-110.0,221.1,-107.6,222.0,220.5,-105.0,-110.0,99,-11,L,209
2019-05-19,away,Milwaukee,Toronto,1610612749,0041800303,53.9,125.0,118.0,125.0,120.0,110.0,107.0,116.0,125.0,107.0,50.4,2.5,-105.0,2.5,-114.0,2.5,-108.0,2.5,-105.0,2.5,-115.0,2.5,-120.0,2.5,-111.17,2.5,2.5,-105.0,-120.0,46.0,220.5,-110.0,221.5,-107.0,221.5,-105.0,222.0,-105.0,221.0,-115.0,221.5,-110.0,221.33,-108.67,222.0,220.5,-105.0,-115.0,112,-6,L,230
2019-05-19,home,Toronto,Milwaukee,1610612761,0041800303,46.1,-145.0,-130.0,-135.0,-140.0,-130.0,-127.0,-132.4,-127.0,-140.0,49.6,-2.5,-115.0,-2.5,-103.0,-2.5,-102.0,-2.5,-105.0,-2.5,-105.0,-2.5,-100.0,-2.5,-105.0,-2.5,-2.5,-100.0,-115.0,54.0,220.5,-110.0,221.5,-103.0,221.5,-105.0,222.0,-105.0,221.0,-105.0,221.5,-110.0,221.33,-106.33,222.0,220.5,-103.0,-110.0,118,6,W,230
2019-05-20,away,Golden State,Portland,1610612744,0041800314,48.3,-160.0,-122.0,-125.0,-130.0,-135.0,-125.0,-127.4,-122.0,-135.0,55.6,-3.0,-110.0,-2.0,-101.0,-2.0,-101.0,-2.0,-105.0,-2.5,-110.0,-2.0,-105.0,-2.25,-105.33,-2.0,-3.0,-101.0,-110.0,51.7,220.0,-110.0,219.0,-103.0,218.5,-105.0,218.5,-105.0,219.0,-110.0,218.5,-109.0,218.92,-107.0,220.0,218.5,-103.0,-110.0,119,2,W,236
2019-05-20,home,Portland,Golden State,1610612757,0041800314,51.7,140.0,111.0,115.0,110.0,115.0,105.0,111.2,115.0,105.0,44.4,3.0,-110.0,2.0,-109.0,2.0,-109.0,2.0,-105.0,2.5,-110.0,2.0,-115.0,2.25,-109.67,3.0,2.0,-105.0,-115.0,48.3,220.0,-110.0,219.0,-107.0,218.5,-105.0,218.5,-105.0,219.0,-110.0,218.5,-111.0,218.92,-108.0,220.0,218.5,-105.0,-111.0,117,-2,L,236
2019-05-21,away,Milwaukee,Toronto,1610612749,0041800304,60.7,-133.0,-152.0,-148.0,-160.0,-155.0,-154.0,-153.8,-148.0,-160.0,57.4,-2.0,-105.0,-3.0,-103.0,-3.0,-105.0,-3.0,-105.0,-3.5,-105.0,-3.0,-110.0,-2.92,-105.5,-2.0,-3.5,-103.0,-110.0,45.3,220.0,-110.0,215.5,-103.0,215.5,-109.0,215.5,-105.0,216.5,-110.0,215.0,-115.0,216.33,-108.67,220.0,215.0,-103.0,-115.0,102,-18,L,222
2019-05-21,home,Toronto,Milwaukee,1610612761,0041800304,39.3,113.0,137.0,138.0,140.0,135.0,134.0,136.8,140.0,134.0,42.6,2.0,-115.0,3.0,-107.0,3.0,-105.0,3.0,-105.0,3.5,-115.0,3.0,-110.0,2.92,-109.5,3.5,2.0,-105.0,-115.0,54.7,220.0,-110.0,215.5,-107.0,215.5,-101.0,215.5,-105.0,216.5,-110.0,215.0,-105.0,216.33,-106.33,220.0,215.0,-101.0,-110.0,120,18,W,222
2019-05-23,away,Toronto,Milwaukee,1610612761,0041800305,49.0,237.0,277.0,280.0,290.0,255.0,272.0,274.8,290.0,255.0,46.3,6.5,-110.0,7.5,-108.0,7.5,-101.0,7.5,-105.0,7.5,-110.0,7.5,-109.0,7.33,-107.17,7.5,6.5,-101.0,-110.0,51.8,218.0,-110.0,,,215.5,-103.0,,,215.5,-110.0,215.5,-115.0,216.12,-109.5,218.0,215.5,-103.0,-115.0,105,6,W,204
2019-05-23,home,Milwaukee,Toronto,1610612749,0041800305,51.0,-290.0,-315.0,-310.0,-360.0,-310.0,-327.0,-324.4,-310.0,-360.0,53.7,-6.5,-110.0,-7.5,-102.0,-7.5,-109.0,-7.5,-105.0,-7.5,-110.0,-7.5,-111.0,-7.33,-107.83,-6.5,-7.5,-102.0,-111.0,48.2,218.0,-110.0,,,215.5,-107.0,,,215.5,-110.0,215.5,-105.0,216.12,-108.0,218.0,215.5,-105.0,-110.0,99,-6,L,204
2019-05-25,away,Milwaukee,Toronto,1610612749,0041800306,52.3,110.0,112.0,113.0,110.0,170.0,110.0,123.0,170.0,110.0,48.3,1.0,-110.0,1.5,-101.0,1.5,-102.0,2.0,-105.0,2.0,-110.0,1.5,-103.0,1.58,-105.17,2.0,1.0,-101.0,-110.0,51.9,214.0,-110.0,214.0,-103.0,214.0,-105.0,214.5,-105.0,214.5,-110.0,214.5,-110.0,214.25,-107.17,214.5,214.0,-103.0,-110.0,94,-6,L,194
2019-05-25,home,Toronto,Milwaukee,1610612761,0041800306,47.7,-130.0,-124.0,-123.0,-130.0,-200.0,-130.0,-141.4,-123.0,-200.0,51.7,-1.0,-110.0,-1.5,-111.0,-1.5,-108.0,-2.0,-105.0,-2.0,-110.0,-1.5,-117.0,-1.58,-110.17,-1.0,-2.0,-105.0,-117.0,48.1,214.0,-110.0,214.0,-107.0,214.0,-105.0,214.5,-105.0,214.5,-110.0,214.5,-110.0,214.25,-107.83,214.5,214.0,-105.0,-110.0,100,6,W,194
2019-05-30,away,Golden State,Toronto,1610612744,0041800401,63.4,-115.0,116.0,110.0,105.0,-105.0,111.0,67.4,116.0,-105.0,55.3,-1.0,-115.0,2.0,-102.0,1.5,-100.0,2.0,-105.0,1.0,-100.0,2.0,-110.0,1.25,-105.33,2.0,-1.0,-100.0,-115.0,53.3,214.5,-110.0,212.5,-102.0,212.5,-102.0,213.0,-105.0,213.0,-115.0,212.5,-110.0,213.0,-107.33,214.5,212.5,-102.0,-115.0,109,-9,L,227
2019-05-30,home,Toronto,Golden State,1610612761,0041800401,36.6,-105.0,-128.0,-120.0,-125.0,-115.0,-131.0,-123.8,-115.0,-131.0,44.7,1.0,-105.0,-2.0,-108.0,-1.5,-110.0,-2.0,-105.0,-1.0,-120.0,-2.0,-110.0,-1.25,-109.67,1.0,-2.0,-105.0,-120.0,46.7,214.5,-110.0,212.5,-113.0,212.5,-108.0,213.0,-105.0,213.0,-105.0,212.5,-110.0,213.0,-108.5,214.5,212.5,-105.0,-113.0,118,9,W,227
2019-06-02,away,Golden State,Toronto,1610612744,0041800402,65.7,100.0,,122.0,110.0,-105.0,110.0,59.25,122.0,-105.0,58.4,1.5,-110.0,2.5,-106.0,2.0,-100.0,,,2.0,-120.0,2.5,-110.0,2.1,-109.2,2.5,1.5,-100.0,-120.0,56.5,215.0,-110.0,213.5,-107.0,,,214.0,-105.0,214.0,-105.0,,,214.12,-106.75,215.0,213.5,-105.0,-110.0,109,5,W,213
2019-06-02,home,Toronto,Golden State,1610612761,0041800402,34.3,-120.0,,-132.0,-130.0,-115.0,-130.0,-126.75,-115.0,-132.0,41.6,-1.5,-110.0,-2.5,-104.0,-2.0,-110.0,,,-2.0,-100.0,-2.5,-110.0,-2.1,-106.8,-1.5,-2.5,-100.0,-110.0,43.5,215.0,-110.0,213.5,-103.0,,,214.0,-105.0,214.0,-115.0,,,214.12,-108.25,215.0,213.5,-103.0,-115.0,104,-5,L,213
2019-06-05,away,Toronto,Golden State,1610612761,0041800403,59.7,184.0,120.0,138.0,120.0,,115.0,123.25,138.0,115.0,55.4,,,2.5,-110.0,-5.5,-250.0,2.5,-105.0,3.0,-115.0,3.0,-120.0,1.1,-140.0,3.0,-5.5,-105.0,-250.0,52.7,,,,,218.0,-200.0,210.0,-105.0,211.5,-110.0,210.5,-100.0,212.5,-128.75,218.0,210.0,-100.0,-200.0,123,14,W,232
2019-06-05,home,Golden State,Toronto,1610612744,0041800403,40.3,-220.0,-133.0,-148.0,-140.0,,-135.0,-139.0,-133.0,-148.0,44.6,,,-2.5,-100.0,5.5,-300.0,-2.5,-105.0,-3.0,-105.0,-3.0,-100.0,-1.1,-142.0,5.5,-3.0,-100.0,-300.0,47.3,,,,,218.0,-240.0,210.0,-105.0,211.5,-110.0,210.5,-120.0,212.5,-143.75,218.0,210.0,-105.0,-240.0,109,-14,L,232
2019-06-07,away,Toronto,Golden State,1610612761,0041800404,49.8,210.0,193.0,,195.0,185.0,185.0,189.5,195.0,185.0,46.1,4.5,-110.0,5.0,-101.0,5.0,-103.0,5.0,-105.0,5.0,-105.0,5.0,-107.0,4.92,-105.17,5.0,4.5,-101.0,-110.0,57.3,,,,,214.5,-105.0,215.5,-105.0,,,,,215.0,-105.0,215.5,214.5,-105.0,-105.0,105,13,W,197
2019-06-07,home,Golden State,Toronto,1610612744,0041800404,50.2,-253.0,-216.0,,-230.0,-225.0,-215.0,-221.5,-215.0,-230.0,53.9,-4.5,-110.0,-5.0,-109.0,-5.0,-107.0,-5.0,-105.0,-5.0,-115.0,-5.0,-113.0,-4.92,-109.83,-4.5,-5.0,-105.0,-115.0,42.7,,,,,214.5,-105.0,215.5,-105.0,,,,,215.0,-105.0,215.5,214.5,-105.0,-105.0,92,-13,L,197
2019-06-10,away,Golden State,Toronto,1610612744,0041800405,59.7,135.0,-104.0,-105.0,-110.0,215.0,-107.0,-42.2,215.0,-110.0,54.9,3.0,-115.0,1.0,-107.0,,,,,-1.0,-110.0,1.0,-110.0,1.0,-110.5,3.0,-1.0,-107.0,-115.0,60.5,211.5,-110.0,217.0,-104.0,217.0,-105.0,217.0,-105.0,217.0,-115.0,217.0,-110.0,216.08,-108.17,217.0,211.5,-104.0,-115.0,106,1,W,211
2019-06-10,home,Toronto,Golden State,1610612761,0041800405,40.3,-155.0,-106.0,-105.0,-110.0,-260.0,-113.0,-138.8,-105.0,-260.0,45.1,-3.0,-105.0,-1.0,-103.0,,,,,1.0,-110.0,-1.0,-110.0,-1.0,-107.0,1.0,-3.0,-103.0,-110.0,39.5,211.5,-110.0,217.0,-106.0,217.0,-105.0,217.0,-105.0,217.0,-105.0,217.0,-110.0,216.08,-106.83,217.0,211.5,-105.0,-110.0,105,-1,L,211
2019-06-13,away,Toronto,Golden State,1610612761,0041800406,54.2,151.0,125.0,125.0,125.0,,118.0,123.25,125.0,118.0,54.0,3.5,-110.0,2.5,-103.0,2.5,-105.0,2.5,-105.0,2.5,-115.0,2.5,-110.0,2.67,-108.0,3.5,2.5,-103.0,-115.0,61.8,211.0,-111.0,211.5,-102.0,212.0,-102.0,212.0,-105.0,212.5,-115.0,211.5,-110.0,211.75,-107.5,212.5,211.0,-102.0,-115.0,114,4,W,224
2019-06-13,home,Golden State,Toronto,1610612744,0041800406,45.8,-175.0,-138.0,-135.0,-145.0,,-138.0,-139.0,-135.0,-145.0,46.0,-3.5,-110.0,-2.5,-107.0,-2.5,-105.0,-2.5,-105.0,-2.5,-105.0,-2.5,-110.0,-2.67,-107.0,-2.5,-3.5,-105.0,-110.0,38.2,211.0,-109.0,211.5,-108.0,212.0,-108.0,212.0,-105.0,212.5,-105.0,211.5,-110.0,211.75,-107.5,212.5,211.0,-105.0,-110.0,110,-4,L,224
